:020000040800F2
:1000000000C00020D1170008B10E0008B30E000890
:10001000B50E0008B70E0008B90E00080000000079
:10002000000000000000000000000000BB0E0008FF
:10003000BD0E000800000000BF0E000849170008B0
:1000400031170008151800081518000815180008C1
:1000500015180008151800081518000815180008CC
:1000600015180008151800081518000815180008BC
:1000700015180008151800081518000815180008AC
:10008000151800081518000815180008151800089C
:100090001518000815180008151800087114000834
:1000A000151800081518000815180008151800087C
:1000B000151800081518000815180008151800086C
:1000C000151800081518000815180008151800085C
:1000D00015180008AD1600081518000815180008B6
:1000E00095140008151800081518000815180008C0
:1000F000151800081518000815180008151800082C
:10010000151800081518000815180008151800081B
:10011000151800081518000805170008151800081C
:1001200015180008151800081518000815180008FB
:1001300000000000000000000000000000000000BF
:1001400000000000000000000000000000000000AF
:10015000000000000000000000000000000000009F
:10016000000000000000000000000000000000008F
:10017000000000000000000000000000000000007F
:10018000000000000000000000000000000000006F
:10019000000000000000000000000000000000005F
:1001A000000000000000000000000000000000004F
:1001B000000000000000000000000000000000003F
:1001C000000000000000000000000000000000002F
:1001D000000000000000000000000000000000001F
:0401E0005FF8E0F1F3
:1001E800844641EA000313F0030349D1403A23D37C
:1001F8000B6803604B6843608B688360CB68C3609F
:100208000B6903614B6943618B698361CB69C36186
:100218000B6A03624B6A43628B6A8362CB6AC3626E
:100228000B6B03634B6B43638B6B8363CB6BC36356
:1002380040304031403ADBD230320BD30B68036098
:100248004B6843608B688360CB68C36010301031A3
:10025800103AF3D20C3205D351F8043B40F8043B72
:10026800043AF9D2043208D0D2071CBF11F8013B76
:1002780000F8013B01D30B8803806046704700BF3C
:10028800082A13D38B07B1D010F00303AED0C3F103
:100298000403D21ADB071CBF11F8013B00F8013B2D
:1002A800A4D331F8023B20F8023B9FE7043AD9D3A4
:1002B800013A11F8013B00F8013BF9D20B780370C1
:1002C8004B7843708B7883706046704781F00041AB
:1002D80002E000BF83F0004330B54FEA41044FEA23
:1002E800430594EA050F08BF90EA020F1FBF54EABE
:1002F800000C55EA020C7FEA645C7FEA655C00F05A
:10030800E2804FEA5454D4EB5555B8BF6D420CDD2A
:100318002C4480EA020281EA030382EA000083EAAD
:10032800010180EA020281EA0303362D88BF30BD4D
:1003380011F0004F4FEA01314FF4801C4CEA1131A3
:1003480002D0404261EB410113F0004F4FEA033302
:100358004CEA133302D0524263EB430394EA050F8D
:1003680000F0A780A4F10104D5F1200E0DDB02FAFC
:100378000EFC22FA05F2801841F1000103FA0EF290
:10038800801843FA05F359410EE0A5F120050EF156
:10039800200E012A03FA0EFC28BF4CF0020C43FA87
:1003A80005F3C01851EBE37101F0004507D54FF094
:1003B800000EDCF1000C7EEB00006EEB0101B1F5E4
:1003C800801F1BD3B1F5001F0CD349085FEA30002A
:1003D8004FEA3C0C04F101044FEA445212F5800F35
:1003E80080F09A80BCF1004F08BF5FEA500C50F1D2
:1003F800000041EB045141EA050130BD5FEA4C0CB5
:10040800404141EB0101013C28BFB1F5801FE9D211
:1004180091F0000F04BF01460020B1FA81F308BF34
:100428002033A3F10B03B3F120020CDA0C3208DD00
:1004380002F1140CC2F10C0201FA0CF021FA02F1DB
:100448000CE002F11402D8BFC2F1200C01FA02F14B
:1004580020FA0CFCDCBF41EA0C019040E41AA2BF70
:1004680001EB0451294330BD6FEA04041F3C1CDA38
:100478000C340EDC04F11404C4F1200220FA04F058
:1004880001FA02F340EA030021FA04F345EA030102
:1004980030BDC4F10C04C4F1200220FA02F001FAC4
:1004A80004F340EA0300294630BD21FA04F0294646
:1004B80030BD94F0000F83F4801306BF81F48011DF
:1004C8000134013D4EE77FEA645C18BF7FEA655C52
:1004D80029D094EA050F08BF90EA020F05D054EA24
:1004E800000C04BF1946104630BD91EA030F1EBF29
:1004F8000021002030BD5FEA545C05D1400049412D
:1005080028BF41F0004130BD14F580043CBF01F51F
:10051800801130BD01F0004545F0FE4141F4700105
:100528004FF0000030BD7FEA645C1ABF19461046E0
:100538007FEA655C1CBF0B46024650EA013406BFE1
:1005480052EA033591EA030F41F4002130BD00BFA0
:1005580090F0000F04BF0021704730B54FF480645D
:1005680004F132044FF000054FF0000150E700BFDE
:1005780090F0000F04BF0021704730B54FF480643D
:1005880004F1320410F0004548BF40424FF000012A
:100598003EE700BF42004FEAE2014FEA31014FEA6D
:1005A80002701FBF12F07F4393F07F4F81F06051BC
:1005B800704732F07F4208BF704793F07F4F04BF07
:1005C80041F40021704730B54FF4607401F00045E4
:1005D80021F000411CE700BF50EA010208BF704744
:1005E80030B54FF000050AE050EA010208BF704735
:1005F80030B511F0004502D5404261EB41014FF49E
:10060800806404F132045FEA915C3FF4D8AE4FF0A5
:1006180003025FEADC0C18BF03325FEADC0C18BF88
:10062800033202EBDC02C2F1200300FA03FC20FAD9
:1006380002F001FA03FE40EA0E0021FA02F1144426
:10064800BDE600BF70B54FF0FF0C4CF4E06C1CEA3F
:1006580011541DBF1CEA135594EA0C0F95EA0C0FB0
:1006680000F0DEF82C4481EA030621EA4C5123EA23
:100678004C5350EA013518BF52EA033541F4801152
:1006880043F4801338D0A0FB02CE4FF00005E1FB05
:1006980002E506F00042E0FB03E54FF00006E1FB4F
:1006A80003569CF0000F18BF4EF0010EA4F1FF0492
:1006B800B6F5007F64F5407404D25FEA4E0E6D41D2
:1006C80046EB060642EAC62141EA55514FEAC520E3
:1006D80040EA5E504FEACE2EB4F1FD0C88BFBCF55F
:1006E800E06F1ED8BEF1004F08BF5FEA500E50F110
:1006F800000041EB045170BD06F0004646EA0101D6
:1007080040EA020081EA0301B4EB5C04C2BFD4EB07
:100718000C0541EA045170BD41F480114FF0000E00
:10072800013C00F3AB8014F1360FDEBF002001F06E
:10073800004170BDC4F10004203C35DA0C341BDCE8
:1007480004F11404C4F1200500FA05F320FA04F0BA
:1007580001FA05F240EA020001F0004221F00041EE
:1007680010EBD37021FA04F642EB06015EEA430E61
:1007780008BF20EAD37070BDC4F10C04C4F1200591
:1007880000FA04F320FA05F001FA04F240EA020044
:1007980001F0004110EBD37041F100015EEA430E15
:1007A80008BF20EAD37070BDC4F1200500FA05F235
:1007B8004EEA020E20FA04F301FA05F243EA0203B4
:1007C80021FA04F001F0004121FA04F220EA0200C3
:1007D80000EBD3705EEA430E08BF20EAD37070BD09
:1007E80094F0000F0FD101F00046400041EB0101E9
:1007F80011F4801F08BF013CF7D041EA060195F0CB
:10080800000F18BF704703F00046520043EB030384
:1008180013F4801F08BF013DF7D043EA0603704771
:1008280094EA0C0F0CEA135518BF95EA0C0F0CD07C
:1008380050EA410618BF52EA4306D1D181EA0301C2
:1008480001F000414FF0000070BD50EA410606BFBC
:100858001046194652EA430619D094EA0C0F02D101
:1008680050EA013613D195EA0C0F05D152EA033646
:100878001CBF104619460AD181EA030101F0004164
:1008880041F0FE4141F470014FF0000070BD41F0AD
:10089800FE4141F4780170BD70B54FF0FF0C4CF487
:1008A800E06C1CEA11541DBF1CEA135594EA0C0FA6
:1008B80095EA0C0F00F0A7F8A4EB050481EA030EF3
:1008C80052EA03354FEA013100F088804FEA0333DA
:1008D8004FF0805545EA131343EA12634FEA0222A8
:1008E80045EA111545EA10654FEA00260EF0004169
:1008F8009D4208BF964244F1FD0404F5407402D2BB
:100908005B084FEA3202B61A65EB03055B084FEA4B
:1009180032024FF480104FF4002CB6EB020E75EB48
:10092800030E22BFB61A754640EA0C005B084FEA70
:100938003202B6EB020E75EB030E22BFB61A7546ED
:1009480040EA5C005B084FEA3202B6EB020E75EB38
:10095800030E22BFB61A754640EA9C005B084FEAB0
:100968003202B6EB020E75EB030E22BFB61A7546BD
:1009780040EADC0055EA060E18D04FEA051545EAAC
:1009880016754FEA06164FEAC30343EA52734FEA55
:10099800C2025FEA1C1CC0D111F4801F0BD141EACE
:1009A80000014FF000004FF0004CB6E711F4801F33
:1009B80004BF01430020B4F1FD0C88BFBCF5E06F13
:1009C8003FF6AFAEB5EB030C04BFB6EB020C5FEA23
:1009D800500C50F1000041EB045170BD0EF0004E78
:1009E8004EEA113114EB5C04C2BFD4EB0C0541EAAA
:1009F800045170BD41F480114FF0000E013C90E6A7
:100A080045EA060E8DE60CEA135594EA0C0F08BF6A
:100A180095EA0C0F3FF43BAF94EA0C0F0AD150EA69
:100A280001347FF434AF95EA0C0F7FF425AF1046FC
:100A380019462CE795EA0C0F06D152EA03353FF424
:100A4800FDAE1046194622E750EA410618BF52EAA1
:100A580043067FF4C5AE50EA41047FF40DAF52EA75
:100A680043057FF4EBAE12E74FF0FF3C06E000BF12
:100A78004FF0010C02E000BF4FF0010C4DF804CD1F
:100A88004FEA410C7FEA6C5C4FEA430C18BF7FEADF
:100A98006C5C1BD001B050EA410C0CBF52EA430C0D
:100AA80091EA030F02BF90EA020F0020704710F18D
:100AB800000F91EA030F58BF994208BF90422CBF1C
:100AC800D8176FEAE37040F0010070474FEA410C15
:100AD8007FEA6C5C02D150EA013C07D14FEA430C33
:100AE8007FEA6C5CD6D152EA033CD3D05DF8040BA4
:100AF800704700BF8446104662468C4619466346D6
:100B080000E000BF01B5FFF7B7FF002848BF10F1AC
:100B1800000F01BD4DF808EDFFF7F4FF0CBF0120F1
:100B280000205DF808FB00BF4DF808EDFFF7EAFF6D
:100B380034BF012000205DF808FB00BF4DF808ED28
:100B4800FFF7E0FF94BF012000205DF808FB00BF1D
:100B58004DF808EDFFF7CEFF94BF012000205DF8A7
:100B680008FB00BF4DF808EDFFF7C4FF34BF0120B4
:100B780000205DF808FB00BF4FEA410C7FEA6C5C7F
:100B880002D150EA013C0AD14FEA430C7FEA6C5C7F
:100B980002D152EA033C02D14FF0000070474FF0F7
:100BA800010070474FEA410212F5001215D211D523
:100BB8006FF47873B3EB625212D94FEAC12343F052
:100BC800004343EA505311F0004F23FA02F018BFD4
:100BD800404270474FF00000704750EA013005D19D
:100BE80011F0004008BF6FF0004070474FF0000060
:100BF800704700BF0348044B834202D0034B03B144
:100C0800184770479408002094080020000000004E
:100C18000548064B1B1AD90F01EBA301491002D056
:100C2800034B03B11847704794080020940800202C
:100C38000000000010B5064C237843B9FFF7DAFF2F
:100C4800044B13B10448AFF300800123237010BD97
:100C580094080020000000008086000808B5054BB5
:100C68001BB105490548AFF30080BDE80840FFF710
:100C7800CFBF00BF00000000980800208086000851
:100C880082B00023019300932C4A136843F4803305
:100C980013602A4B1B6803F400330093019B013354
:100CA8000193009B1BB9019BB3F5A06FF1D1234BB6
:100CB8001B6813F4003F06D001230093009B012B0F
:100CC80004D002B0704700230093F7E71C4B1A6862
:100CD80042F010021A601A6822F007021A601A68B5
:100CE80042F002021A60A3F580535A685A605A68A3
:100CF8005A605A6842F480625A605A6822F47C1238
:100D08005A605A6842F4E8125A601A6842F08072CF
:100D18001A600A4B1B6813F0007FFAD0074B5A6819
:100D280022F003025A605A6842F002025A60034BEA
:100D38005B6803F00C03082BF9D1C2E700100240EE
:100D48000020024008B5FFF79BFF08BD08B5104B0F
:100D58001A6842F001021A6059680E4A0A405A603D
:100D68001A6822F0847222F480321A601A6822F417
:100D780080221A605A6822F4FE025A604FF41F0259
:100D88009A60FFF7DFFF044B4FF000629A6008BDDE
:100D9800001002400000FFF800ED00E04FF0FF30C7
:100DA800704710B50846144691B200F051FC204631
:100DB80010BD000070B50E4615460024AC420FDA8F
:100DC8002021084800F0D5F90028F9D0054800F09E
:100DD800CCF90A2802D030550134EFE70023335507
:100DE800204670BD00380140002070474FF4005382
:100DF8004B600020704701207047FEE708B500F0FF
:100E08005BFF162303604FF0FF3008BD01207047D9
:100E18000346084A126832B1064A10680344064A73
:100E2800934204D9FEE7034A04491160F4E7014AF2
:100E380013607047B008002000C00020D00C0020CC
:100E480010B54FF4A06000F0A3F800F07BFC4FF45D
:100E5800967000F099FC00F06DFB00F02BFB0F483A
:100E680000F038FE0E4CE36823F00403E3604FF40F
:100E78007A7000F089FCE36843F00403E36001241E
:100E880009E02146074800F0B3FD4FF47A7000F0FE
:100E98007BFC0134E4B20A2CF3D9FEE798860008FB
:100EA80000140140A48600087047FEE7FEE7FEE74D
:100EB800FEE770477047704730B5CB7803F00F02F4
:100EC800964613F0100F03D091F802E04EEA020E96
:100ED8000B7803B30468002301E042610133072B58
:100EE80018D801229A40B1F800C032EA0C05F5D1B1
:100EF8004FEA830C0F2505FA0CF524EA05040EFACF
:100F08000CFC4CEA0404CD78282DE6D0482DE5D118
:100F18000261E3E704600B88FF2B25D944680023AE
:100F280003E0CD78482D1CD00133072B1BD803F1E3
:100F3800080C012202FA0CF2B1F800C032EA0C05E2
:100F4800F2D14FEA830C0F2505FA0CF524EA0504C3
:100F58000EFA0CFC4CEA0404CD78282DE1D142614C
:100F6800DFE70261E0E7446030BD016170470000DF
:100F7800034B5B69034201D0012070470020704792
:100F880000040140014B5861704700BF0004014054
:100F980040F0BF6040F40030014BD860704700BF9C
:100FA80000ED00E0C378FBB1154BDA68D243C2F319
:100FB8000222C2F1040C0F2323FA02F2417801FA4B
:100FC8000CF1837813400B431B010278DBB20D4907
:100FD8000A4482F80033037803F01F005B090122FA
:100FE800824041F823207047037803F01F015B0912
:100FF80001228A402033034941F82320704700BF6B
:1010080000ED00E000E100E0042806D04FF0E02207
:10101800136923F00403136170474FF0E02213694A
:1010280043F0040313617047014B00229A60704734
:10103800002C0040C94389B20182704730B587B09F
:1010480004460D46038A9BB2CA8823F440531343CF
:10105800038283899BB2898828896A8901430A4364
:1010680023F4B05323F00C031343A381A38A9BB248
:10107800AA8923F440731343A38201A800F0A6F8B9
:101088001D4B9C4224D0039BA28912F4004F21D10E
:1010980003EB830303EB83032A689200B3FBF2F3A9
:1010A800164AA2FB031252091101642002FB1033F5
:1010B800A28912F4004F16D11B0132330F4AA2FB4A
:1010C8000323C3F343130B439BB2238107B030BD03
:1010D800049BD9E703EB830303EB83032A685200DD
:1010E800B3FBF2F3DCE7DB003233044AA2FB032351
:1010F800C3F342130B43E7E7003801401F85EB5168
:1011080029B183899BB243F4005383817047838953
:101118009BB223F400539BB283817047C1F3421CF6
:1011280001F01F01012303FA01F19C4508D0BCF12D
:10113800020F07D014303AB10368194301607047B1
:101148000C30F8E71030F6E7036823EA0101016084
:10115800704722B1838A9BB2194381827047838A80
:10116800C94389B21940818270478088C0F308005A
:1011780070470388194201D001207047002070474A
:10118800C1F3421201F01F0C012303FA0CF3012AE8
:101198000FD0022A11D0828A92B21340090A012282
:1011A80002FA01F1028892B20A4053B15AB90020FA
:1011B8007047828992B21340F0E7028A92B21340D4
:1011C800ECE70020704701207047000010B4294B5D
:1011D8005B6803F00C03042B2BD0082B2CD013B125
:1011E800254B036001E0244B036022494B68C3F39D
:1011F8000313224CE35CDAB20368D34043604A68C5
:10120800C2F30222A25CD2B223FA02F282604A68D6
:10121800C2F3C222A25CD2B2D340C3604A68C2F30E
:10122800813217498A5CD2B2B3FBF2F3036110BC76
:101238007047114B0360D8E70E4A53685268C3F3EE
:101248008343023312F4803F04D10E4A02FB03F3B6
:101258000360CAE7074A526812F4003F04D0094AFB
:1012680002FB03F30360C0E7034A02FB03F30360D6
:10127800BBE700BF0010024000127A0008000020FF
:101288000400002000093D0021B1054A53691843B4
:1012980050617047024A536923EA00005061704761
:1012A8000010024021B1054A9369184390617047C4
:1012B800024A936923EA00009061704700100240D7
:1012C800036823F001031B041B0C03600023036065
:1012D80043608360C360364B984221D0354B9842B7
:1012E80024D0354B984227D0344B98422AD0344BDF
:1012F80098422DD0334B984230D0334B984233D05C
:10130800324B984236D0324B984239D0314B9842C2
:101318003CD0314B98423FD0304B984242D0704736
:101328002F4A536843F00F03536070472C4A5368A1
:1013380043F0F00353607047294A536843F47063DD
:1013480053607047264A536843F4704353607047AC
:10135800234A536843F4702353607047204A536804
:1013680043F47003536070471D4A536843F0706339
:10137800536070471B4A536843F00F03536070472C
:10138800184A536843F0F00353607047154A53688E
:1013980043F4706353607047124A536843F47043D0
:1013A800536070470F4A536843F470235360B6E79D
:1013B800080002401C000240300002404400024085
:1013C800580002406C0002408000024008040240BD
:1013D8001C04024030040240440402405804024005
:1013E800000002400004024010B4026822F4FF42E8
:1013F80022F070028B680C6A23430C6923434C6902
:1014080023438C692343CC6923434C6A23438C6A66
:10141800234313430360CB6843600B6883604B68C6
:10142800C36010BC704721B1036843F00103036037
:101438007047036823F001031B041B0C036070470B
:1014480041607047406880B27047000010F0805FCC
:1014580002D0034B58607047024B5860704700BF7A
:10146800000402400000024008B52020FFF780FD7C
:1014780000B908BD044AD36883F48073D360202080
:10148800FFF780FDF5E700BF0008014008B54FF4FD
:101498000040FFF76DFD00B908BD054AD36883F425
:1014A8008073D3604FF40040FFF76CFDF4E700BF92
:1014B8000008014030B583B001212420FFF7F2FE77
:1014C80010238DF807304FF48075ADF804500323CE
:1014D8008DF806300C4C01A92046FFF7EDFC294693
:1014E8002046FFF742FD0425ADF8045004F540649A
:1014F8000DEB05012046FFF7DFFC29462046FFF7E4
:1015080034FD03B030BD00BF0008014000B583B012
:1015180025238DF8043001238DF8053000228DF83D
:1015280006208DF8073001A8FFF73CFD03B05DF8F1
:1015380004FB00002DE9F04391B0012144F20400BE
:10154800FFF7B0FE01210846FFF79EFE4FF4007337
:10155800ADF82C3018238DF82F3003238DF82E305A
:101568000BAD354C29462046FFF7A6FC4FF48063A7
:10157800ADF82C3004238DF82F3029462046FFF78C
:101588009BFC4FF416530C930024ADF83440ADF88F
:101598003640ADF83840ADF83C400C23ADF83A3051
:1015A800264D0CA92846FFF749FD012240F22441A7
:1015B8002846FFF7B3FDFFF7A9FF01212846FFF7EB
:1015C8009FFD1F4F3846FFF77BFEDFF87890CDF878
:1015D80000901D4B019310230293802603960494D8
:1015E80005960694079408940A944FF48053099337
:1015F80069463846FFF7F8FE012231462846FFF7CC
:10160800A8FD14373846FFF75BFECDF800900F4B66
:1016180001930294039669463846FFF7E5FE0122D6
:1016280040212846FFF795FD01213846FFF7FBFECC
:1016380011B0BDE8F08300BF000801400038014048
:101648004400024004380140B8080020380900204E
:1016580038B505460C464B1E9BB27F2B1BD8402144
:101668000D48FFF786FD0028F9D04FF40050FFF72A
:10167800EDFE224629460948FEF7B2FD084D002135
:101688002846FFF7D0FE21462846FFF7D9FE01215C
:101698002846FFF7C8FE38BD00380140B8080020CA
:1016A8004400024010B540F224411048FFF768FD9D
:1016B80000B910BD0D4B1A889B880D4C002120469F
:1016C800FFF7B1FE2046FFF7BDFEC0F18000094BD1
:1016D800187080212046FFF7B3FE01212046FFF74E
:1016E800A2FE054B01221A70E3E700BF0038014053
:1016F80058000240B5080020B408002008B5084A80
:10170800D36883F48073D36002F54062D36883F0B2
:101718000403D36001210348FFF78CFC08BD00BF18
:10172800000801400010004008B5FFF77DFC034A9F
:10173800D36823F00403D36008BD00BF0014014040
:101748007047000008B54FF0E02300221A616FF0DF
:101758000400FFF759FC084B1B68084AA2FB032347
:10176800C3F34753064A1370C3EB431203EB8203D8
:10177800DA00044B1A8008BD0000002083DE1B43FA
:10178800BA090020B80900200E4B1B8803FB00F0A3
:101798004FF0E023586100229A611A6942F0010271
:1017A8001A614FF0E0231B6903F00113012BF8D0F5
:1017B8004FF0E0231A6922F001021A6100229A61AF
:1017C800704700BFB8090020002103E00A4B5B58AE
:1017D8004350043109480A4B42189A42F6D3094A41
:1017E80002E0002342F8043B074B9A42F9D3FFF783
:1017F800ADFAFFF725FB7047B88A00080000002003
:101808009408002094080020D00C0020FEE7000077
:10181800024A0349034800F0C9B800BF1800002075
:1018280099490008280000200C4B416810B59942DE
:10183800044601D003F0ACF8A168094B994202D0E4
:10184800204603F0A5F8E168064B994204D02046EB
:10185800BDE8104003F09CB810BD00BFBC090020D3
:10186800240A00208C0A00202DE9F84300250423CF
:10187800304C314A3149DFF8C890DFF8C880324F20
:10188800324E116004F15C0029460822C4E9033590
:10189800C4E90055C4E90555A560656600F06AF914
:1018A80004F15800C4E90749C4E90987E66200F071
:1018B80009FA274B2946082204F1C4006367C4E9E2
:1018C8001A55C4E91E552567C4F8CC50C4F8805091
:1018D80000F050F904F1680304F1C000C4F8843042
:1018E800C4E92298C4E9247600F0ECF9194B29469A
:1018F80004F596700822C4F8DC30C4E93455C4E90C
:101908003855C4F8D850C4F83451C4F8E85000F039
:1019180031F904F1D003C4E93D87C4F8F09004F527
:101928009470C4F8FC60C4F8EC30BDE8F84300F0EB
:10193800C9B900BFBC090020F40A00201918000822
:10194800ED1A0008111B0008511B0008751B000840
:10195800090001001200020010B504460A4800F010
:10196800B5F9636B23B9094B094A1B68626323B154
:10197800BDE81040044800F0ABB9FFF775FFBDE8BB
:101988001040014800F0A4B9040B0020F40A00201C
:1019980031180008014800F099B900BF040B002075
:1019A800014800F095B900BF040B00202DE9F84369
:1019B8004FF0000980460F461646D6E90154013D0E
:1019C80010D4A389012B08D9B4F90E30013304D0FF
:1019D80021464046B84749EA0009013D6B1C04F11D
:1019E8006804EED13668002EE7D14846BDE8F88392
:1019F8000FB400B5074A83B004AB106853F8042B42
:101A08008168019300F0BEFD03B05DF804EB04B0FB
:101A1800704700BF2400002030B5054689B008464D
:101A28000C4600F057F901230222294907936B6BF2
:101A38000691029204A9421C04940191AC68059095
:101A48000392002B40D0636EB4F90C20D8071AD546
:101A5800910421D442F4005223F40053A281636616
:101A68002846214601AA03F0AFF8002814BF4FF01A
:101A7800FF350A25636EDA0702D4A3899B0510D5C2
:101A8800284609B030BD900511D59104E2D59B04D4
:101A9800E6D54FF0FF35F0E79B04E1D54FF0FF3571
:101AA800EEE7A06D00F014F9284609B030BDA06D2E
:101AB80000F00CF9B4F90C20636E9004CAD59904AF
:101AC800CED54FF0FF35D6E72846FFF745FFBAE7F2
:101AD800B4860008024B01461868FFF79DBF00BF97
:101AE8002400002010B50C46B1F90E1000F0B8F82B
:101AF800002803DB236D0344236510BDA38923F469
:101B08008053A38110BD00BF2DE9F0410C46B1F907
:101B18000C101F46CB05054616460BD421F4805100
:101B2800A1813B4632462846B4F90E10BDE8F04183
:101B380000F0ACB8B4F90E100223002200F07AF8D5
:101B4800B4F90C10EAE700BF10B50C46B1F90E1055
:101B580000F070F8B4F90C30421C0EBF23F4805327
:101B680043F480532065A38110BD00BFB1F90E1066
:101B780000F04EB8830730B546D08446841805E097
:101B8800634603F8011B9D0703D09C46A445F7D183
:101B980030BD013A0244A2EB0C02032A29D9CCB287
:101BA80004EB04240F2A04EB04442FD9A2F1100CEF
:101BB8002CF00F0C03F11005AC44C3E90044C3E951
:101BC800024410336345F8D112F00C0F02F00F0EE7
:101BD80018D01A462EF0030C9C44AEF1040542F8C6
:101BE800044B6245FBD125F0030404330EF00302D5
:101BF8002344002ACCD0C9B21A4403F8011B9342EB
:101C0800FBD130BD7246F4E70346C6E79646E0E7E7
:101C1800002238B5064D044608462A60FFF7BEF88C
:101C2800431C00D038BD2B68002BFBD0236038BD87
:101C3800F80A002038B50C46114600228446074DA4
:101C480020462A601A466446FFF7CEF8431C00D0A7
:101C580038BD2B68002BFBD0236038BDF80A002064
:101C680038B50C46114600228446074D20462A60A6
:101C78001A466446FFF79EF8431C00D038BD2B680F
:101C8800002BFBD0236038BDF80A002038B50C467D
:101C9800114600228446074D20462A601A466446AB
:101CA800FFF77FF8431C00D038BD2B68002BFBD012
:101CB800236038BDF80A0020014B1868704700BF40
:101CC80024000020704700BF704700BF704700BF66
:101CD800704700BF20F0030110F00300C0F10000BE
:101CE80051F8043B00F1040C4FEACC0C6FF00002F1
:101CF8001CBF22FA0CF213434FF0010C4CEA0C2CD7
:101D08004CEA0C4CA3EB0C0222EA030212EACC12B6
:101D180004BF51F8043B0430F4D0C2F1000102EAD8
:101D28000102B2FA82F2C2F11F0200EBD200704740
:101D3800024B13B1024800F005B8704700000000DC
:101D48007D510008002301461A46184603F0AABA36
:101D58002DE9F84306460820894603F01FFA054690
:101D6800DFF89880304600F001FCD8F808305F684A
:101D780027F00307A7F11104A4EB09042C44B4FBD2
:101D8800F5F4013C05FB04F4A54208DC00213046CB
:101D980003F0DEF9D8F808303B44984205D03046C5
:101DA80000F0EAFB0020BDE8F8833046614203F00A
:101DB800CFF901300FD0124AD8F808303F1B47F04E
:101DC80001075F60136830461B1B136000F0D4FBEB
:101DD8000120BDE8F8830021304603F0B9F9D8F8AE
:101DE8000820831A0F2BDADD43F001035360054BFB
:101DF80003491B68C01A0860D1E700BF38020020F9
:101E08000C0B00202C02002000295AD0F8B50C46F3
:101E1800074600F0ABFB54F804CC724DA4F108025D
:101E28002CF00103D118A8684E68884226F00306F2
:101E38000CF0010E7CD04E608819406800F001005B
:101E4800BEF1000F2ED154F8084C05F1080C121BF6
:101E580023449468644560D0D2F80CE0C4F80CE0E0
:101E6800CEF8084000287DD043F0010050600B6098
:101E7800B3F5007F2ED25809D9080123834068683A
:101E8800013103436B6055F8310005EBC103083B92
:101E9800C2E9020345F83120C2603846BDE8F8407F
:101EA80000F06ABB70B9334405F1080C886843F048
:101EB800010460456ED0C968C16088605460D35021
:101EC800D6E770474CF00101B3F5007F44F8041CD5
:101ED800D350D0D3B3F5206F4FEA532144D2990998
:101EE80001F1390001F13804C1006818695808384F
:101EF800884203D155E08968884204D04C6824F0B0
:101F080003049C42F7D8C868C2E9021082603846C8
:101F1800BDE8F840CA6000F02FBB80BB1E44D1E981
:101F28000213CB60996046F0010353609651B4E701
:101F38001E44BEF1000F07D154F8083CD21A1E44C3
:101F4800D2E90213CB60996046F001035360264B37
:101F5800AA601B68B342A0D8244B38461968FFF71B
:101F6800F7FE9AE73344A1E714290DD954291FD85D
:101F7800190B01F16F0001F16E04C100B5E743F0E0
:101F8800010050600B6088E701F15C0001F15B041F
:101F9800C100AAE7C5E90422C2E902CC5460D350C3
:101FA8007BE70123A410A3406C6823436B60ABE775
:101FB800B1F5AA7F06D8D90B01F1780001F17704B1
:101FC800C10092E740F25450814206D8990C01F1C1
:101FD8007D0001F17C04C10087E74FF47E717E2407
:101FE80083E700BF38020020300200203C0B0020AD
:101FF8002DE9F04F01F10B05162D064683B024D8C4
:10200800102900F2AE8000F0B1FA102518234FF025
:10201800020CC04F3B445C68A3F10802944200F0F4
:102028005F8130466368E268A16823F00303CA60F1
:10203800234491605A68083442F001025A6000F063
:102048009BFA204603B0BDE8F08F35F0070500F194
:102058008880A94200F2858000F088FAB5F5FC7FF7
:10206800C0F0B1816B0A00F08380042B00F26E810E
:10207800AB0903F1390C03F1380E4FEACC00A54F38
:10208800384444680838A04207D10DE0002AE168C6
:1020980080F22081884207D00C46636823F003034E
:1020A8005A1B0F2AF2DDF446DFF86C823C6944457E
:1020B80000F0FD80636823F00309A9EB05030F2BEB
:1020C80000F38681002BC7E9048880F27081B9F596
:1020D800007FD7F804E080F00A8101234FEAD90194
:1020E8004FEA5919194403FA09F357F831204EEA0F
:1020F800030E07EBC103083BA260E360C7F804E0E6
:1021080047F83140D46001204FEAAC03984070454D
:1021180035D810EA0E0F07D12CF0030C400010EA56
:102128000E0F0CF1040CF9D007EBCC0AD646E146A9
:10213800DEF80C300BE059681C4621F003014A1BFD
:102148000F2ADB6800F30F81002A80F223819E4565
:10215800F1D109F1010919F0030F0EF1080EE7D1C9
:1021680060E10C2333600024204603B0BDE8F08F03
:102178004FF400704FF0400C4FF03F0E7FE7BC6803
:10218800636823F00309A94504D3A9EB05030F2BC2
:1021980000F39080614B08201B6803F1100804EBE2
:1021A8000903009302F0FAFF5D4A83461368A844C6
:1021B800013305D008F1FF388044434203EA080898
:1021C8004146304602F0C4FFB0F1FF3F8246544A10
:1021D80000F0198104EB0903834200F21281514B8C
:1021E8000BF1FF3C18684044186000F068811168E2
:1021F800013100F0708104EB0902AAEB02020244EB
:102208001A601AF00702CDE9002300F02A81C2F112
:1022180008029244D04408EA0C015A44521A02EACD
:102228000C0B5946304602F093FF421C019B00F00C
:102238006F81A0EB0A0000EB0B08186848F0010258
:102248005844BC42C7F808A01860CAF8042017D040
:10225800B9F10F0F40F242814FF0050C6168A9F106
:102268000C0222F0070201F00101114361600F2AFC
:1022780004EB0201C1E901CC00F25281DAF8042032
:102288005446294B1968814238BF1860274B196892
:10229800814238BF186022F00308A845A8EB05035F
:1022A80001D30F2B06DC304600F066F95BE7D7F860
:1022B80004E028E7621943F0010345F00105656071
:1022C8003046BA600834536000F056F9204603B02F
:1022D800BDE8F08FA2683046D16023448A60A9E641
:1022E800DC68A3427FF49DAE0CF1020CDCE6B9F584
:1022F800206F4FEA59227DD3142A00F2C58002F1DB
:102308005C03DB005B32F918FB580839994212D19B
:102318009EE000BF38020020400200203C0B002055
:102328002C0200200C0B0020380B0020340B00205E
:102338009B68994204D05A6822F003024A45F7D8AC
:10234800D968C4E902318C60DC60DCE6142B5DD905
:10235800542B00F2A2802B0B03F16F0C03F16E0ECD
:102368004FEACC008BE6D4F808C03046661945F031
:1023780001056560CCF80C30C3F808C042F00103D1
:10238800C7E90466C6E902887360625000F0F4F891
:102398000834E9E621444A68304642F001024A60BE
:1023A80054F8082FD3609A6000F0E6F8DCE6A14400
:1023B800D9F80430304643F00103C9F8043000F07E
:1023C800DBF80834D0E64FEAD50C05F1080320E61F
:1023D800621943F0010145F0010565603046C7E91F
:1023E8000422C2E90288516044F8093000F0C4F8B8
:1023F8000834B9E64FEA991202F13903DB003832A2
:1024080081E7BC4254D0BC68626844E703F15C0CC5
:1024180003F15B0E4FEACC0031E65AF80839534510
:1024280040F09F801CF0030F0CF1FF3CF5D17B6856
:1024380023EA00037B60400098423FF6A0AE18B93B
:102448009DE6400009F104091842FAD0CC466BE633
:102458000120921000FA02F24EEA020EC7F804E0D8
:102468006FE70AEB080202EA0C02ABEB020202EA8F
:102478000C0B5946304602F06BFE431C019B7FF45F
:10248800D8AEDDF800B0D8E6542A2BD84FEA193276
:1024980002F16F03DB006E3235E7B3F5AA7F2BD864
:1024A800EB0B03F1780C03F1770E4FEACC00E6E56D
:1024B8002D4B0BF1FF3C18684044186097E61AEA68
:1024C8000C0F7FF494AED7F808A0C84448F0010276
:1024D800CAF80420D4E6C2F800A092E60123CAF89C
:1024E8000430E0E6B2F5AA7F25D84FEAD93202F1E6
:1024F8007803DB00773206E740F25452934225D83E
:10250800AB0C03F17D0C03F17C0E4FEACC00B6E571
:10251800009A4FF0000B083A9044A8EB0A088CE6A2
:10252800304604F108010093FFF76EFC009BD7F8D2
:1025380008A01868A2E640F254539A420DD84FEA10
:10254800994202F17D03DB007C32DCE64FF47E70B9
:102558004FF07F0C4FF07E0E91E54FF47E737E2294
:10256800D1E67B6867E700BF0C0B00200148FFF746
:10257800ADBB00BFFC0A00200148FFF7A9BB00BFA4
:10258800FC0A00202DE9F04FDBB0164608911C46E6
:1025980083460E9302F0D8FD036818461793FFF799
:1025A80099FB0822169000212AA8FFF7E3FABBF14D
:1025B800000F04D0DBF83430002B01F0C781089BF2
:1025C8005A6EB3F90C30D70740F1BE859D0400F16F
:1025D8006F87089943F4005322F400528B814A66AE
:1025E8001BB21D0740F18A85089A1269002A00F07B
:1025F800858503F01A020A2A00F08F85002300243B
:102608009E46CDE92F33002331AACDE9123437464F
:102618001446CDE91AEE2E92CDF860E0CDF864E0CC
:10262800CDF824E0CDF844E03D46874BD3F8CC61A3
:1026380002F084FD0DF1A80C03462A46584626A947
:10264800CDF800C0B047002800F0CD83C0F2C383A6
:10265800269B252B01D00544E7E7B5EB070806467E
:1026680040F0C58300224FF0FF33924607930135AF
:102678002B788DF88F200A9299460135A9F120030D
:102688005A2B5CD8DFE813F04D025B005B0049026F
:102698005B005B005B002C025B005B002301B30165
:1026A8005B00AF010F025B000B02D000D000D0002E
:1026B800D000D000D000D000D000D0005B005B007C
:1026C8005B005B005B005B005B00E2005B004601B7
:1026D800BF02E200E200E2005B005B005B005B001F
:1026E80007025B005B00B8015B005B005B007601E2
:1026F8005B0017035B005B000B085B005B005B0083
:102708005B005B005B005B005B00E2005B00460176
:102718003101E200E200E200B50231012D015B0067
:10272800AB025B0071025E0280022D015B00760144
:102738002B01E0025B005B007D085B002B01B9F117
:10274800000F00F06683002301228DF804910C929B
:1027580041AF8DF88F300B93CDE90623CDE90F33C8
:102768001493309E1AF08403314600F0F5809DF8EA
:102778008F20FAB14FF000082F980122013001365E
:10278800626007280DF18F02CDE92F06226000F361
:10279800EC840834B8F1000F0CD02F9802220130D5
:1027A80002366260072824AACDE92F06226000F3CA
:1027B800EA840834802B00F08D83079B0C9AA3EBE6
:1027C8000208B8F1000F00F3CD831AF4807F40F0BF
:1027D8002A830C9B27601E4463602F9B309601332D
:1027E800072B2F9300F3288408341AF0040F05D020
:1027F8000A9B069A9F1A002F00F3D384DDE9093259
:1028080006998A42ACBF9B185B180993002E40F0CA
:10281800E98300232F930B9B1BB158460B99FFF7B5
:10282800F3FA2F4631ACFFE60022A9F1300315F880
:10283800019B02EB820203EB4202A9F13003092B50
:10284800F5D90A921AE700BF400600200E9B07330D
:1028580023F00701F1E80223CDE91223139B1E920E
:1028680023F000431F930E914FF0FF32DDE91E0164
:10287800B14BFEF781F9002840F0B686DDE91E016C
:102888004FF0FF32AC4BFEF759F90646002840F0EE
:10289800AB86DDE91201002200232AF0800AFEF748
:1028A80043F9002841F057839DF88F30B9F1470F5D
:1028B800CCBFA24FA24F002B41F0C6860322CDE920
:1028C8000F330B930C9207931493069249E70E9BD0
:1028D80053F8042B002A0A920E93C0F281802B78B9
:1028E800CAE62B784AF0200AC6E61AF0200F40F014
:1028F80025860E9A1AF0100F52F8046B41F0E887FB
:102908001AF0400F0E9201F0158146F3C038434685
:1029180036B289E10E9BB9F1430F03F1040600F0CA
:1029280074871AF0100F40F070870E9B41AF1B6838
:102938008DF80431012306930C9300230E96309EE4
:10294800CDE90F338DF88F300B93079314931AF05A
:10295800840331467FF40BAF0A9A0698A2EB00086D
:10296800B8F1000F00F306859DF88F20002A3FF488
:1029780024AFFFE60023DDF838808DF88F3058F853
:10298800047B002F00F03087B9F1530F00F0F9876E
:102998001AF010030F9340F0F487079B002BC1F245
:1029A8004B821A4638460F9902F006FC9DF88F3084
:1029B8000B90002801F086860B9ACDF83880D21B40
:1029C8000C9222EAE272069213B11346013306937F
:1029D8000F9B4FF073090793149310930B93C0E662
:1029E8000A9B5B420A932B784AF0040A44E62B239D
:1029F8008DF88F302B783FE61AF0200F4AF0100040
:102A080000F094850E9B073323F007031A46596894
:102A180052F8083B0E9200228DF88F20079A002A60
:102A280018DB53EA010220F4906A15D1079A9AB983
:102A380010F001031A46069300F07F8730238DF8C3
:102A48006731079B0C92CDE90F3314930B930DF26A
:102A5800671786E620F4806A5AAF03F00702DB089E
:102A680043EA4173C908303253EA0106384607F889
:102A7800012DF2D11AF001010F9140F06484079AF8
:102A88005AABDB1B9A42B8BF1A460C9306921491B4
:102A980010910B9165E62B784AF0080AECE52B7843
:102AA8004AF0800AE8E5294611F8019BB9F12A0F96
:102AB80001F09886A9F13003092B98BF002201F292
:102AC800998411F8019B02EB820203EB4202A9F1FF
:102AD8003003092BF5D942EAE2730D460793CDE599
:102AE800584602F031FB436818461993FFF7F2F88D
:102AF8001B900646584602F027FB81682B781A91EE
:102B0800002E3FF4B9AD00293FF4B6AD0A78002A8B
:102B18003FF4B2AD4AF4806AAEE52B784AF0010A78
:102B2800AAE59DF88F202B78002A7FF4A5AD2022F6
:102B38008DF88F20A0E500BFFFFFEF7FBC8600085F
:102B4800B88600081AF0200F40F031850E9A1AF066
:102B5800100152F8043B41F0AB861AF0400001F036
:102B68000B8050460E929BB255E70E9A1AF0200F32
:102B780002F1040300F00985126809991160C91768
:102B880051602F460E934FE5002647F630030E9A04
:102B9800079F52F8041BB742ADF890308DF88F604C
:102BA8000B46C0F2F0852AF0800040F0020A0029A6
:102BB80040F04A87002F01F0378030238DF86731C5
:102BC800012306974FF078098C4614910E921091C4
:102BD8000B910C930F910DF2671700F0B5BD2B7890
:102BE8006C2B03BF6B784AF0200A01354AF0100AB3
:102BF80042E52B78682B03BF6B784AF4007A0135DD
:102C08004AF0400A38E51AF0200F4AF0100100F0A7
:102C1800D1840E9B8A46073323F007031A465B6864
:102C280052F8086B98460E92002BC0F2CF84079A90
:102C3800002A20DB56EA08032AF0800A1BD1002A62
:102C480000F0A48730231DE01AF0200F00F07984EB
:102C580051460E9B073323F007031A46D3F8048026
:102C680000238DF88F30079B52F8086B002B0E92CB
:102C780080F227848A460A2E78F1000337D206F1BB
:102C88003003DBB28DF86731079B0DF26717012B14
:102C9800B8BF0123069301230C939DF88F30002BB6
:102CA80001F0AB85069B013306930023CDE90F3372
:102CB8000B93149355E51AF0200F4AF01001C8D170
:102CC8000E9B1A1D4FF000080E9B07981B68404585
:102CD8001E468DF88F80C1F2518121F0800A002BA9
:102CE80000F046840A2E78F100030E92C7D30AF446
:102CF8008063CDE90B5906944FF0000C1C46DDF8B3
:102D080068905AA926E016EB0803B34843F100037C
:102D1800A0FB032020F0030202EB90029B1A4FF065
:102D2800CC32B6464546F31A02FB03F2AA4868F1CC
:102D3800000800FB0822A3FB0063BEF10A0F13443E
:102D48004FEA560675F10005394646EAC3764FEA5A
:102D580053082DD3A04D16EB080343F10003A5FB40
:102D6800032020F0030202EB90029B1AF31AA3FB44
:102D7800053268F1000005FB00225B0843EAC273D4
:102D880003EB8303A6EB430330330CF1010C4F1E16
:102D980001F8013C002CB6D099F800306345B2D157
:102DA800BCF1FF0FAFD00A2E78F1000381F00A8141
:102DB800079A5AABDB1B9A42B8BF1A46069CCDF855
:102DC80068900B9DDDF83090CDF844C00C930692C6
:102DD8009DF88F3063E7082200212AA8FEF7CAFE73
:102DE8000120054421E4B5EB0708064611D02F9AC7
:102DF800309B01324344072AC4E9007830932F926C
:102E080000F373810834099B43440993002E7FF42F
:102E180029AC309B002B40F03B870022089B2F9267
:102E2800B3F90C30EFE0B9F1650F40F31081DDE93B
:102E3800120100220023FDF76DFE002800F0FF813B
:102E4800012363602F9B654A01330136072B3096B7
:102E58002F93226000F389850834259B119A9342A9
:102E680080F22A83169B179A1E44C4E900232F9BDD
:102E780030960133072B2F9300F3AA840834119B53
:102E88005F1E002F7FF7B1AC102F2F9B41F34784B3
:102E9800534932464FF010080E46DDF82090159140
:102EA80004E00834103F102F40F3BB800133103288
:102EB800072BC4E90068CDE92F32F2DD49465846B0
:102EC8002EAA01F055FD002840F09480DDE92F324C
:102ED80031ACE7E70A9B069AA3EB0208B8F1000FAA
:102EE8007FF76BACB8F1100F2F9A41F3DB82DFF854
:102EF800F0C02146304610232E466446089DCDF882
:102F080054C006E0A8F11008B8F1100F01F108014B
:102F180018DD01321030072AC1E90043CDE92F201E
:102F2800F0DD294658462EAA01F022FD002861D17D
:102F3800DDE92F20A8F11008B8F1100F4FF01003A9
:102F480031A9E6DC35460C4606460132159B464457
:102F5800072ACDE92F262360C4F8048000F32C84C7
:102F680008342AE41E4BB8F1100F2F9A159324DD6C
:102F780021461023089C06E0A8F11008B8F1100FAC
:102F880001F1080118DD013215481036072AC1E998
:102F98000003CDE92F26EFDD214658462EAA01F081
:102FA800E7FC38BBDDE92F26A8F11008B8F1100FAF
:102FB8004FF0100331A9E6DC0C460132159B46445C
:102FC800072ACDE92F262360C4F8048000F3608225
:102FD8000834FFF7FABB00BFCDCCCCCCF88600088C
:102FE80060880008584608992EAA01F0C1FC0028FC
:102FF8003FF40FAC0B9B1BB158460B99FEF704FF2F
:10300800089BB3F90C30089A526ED00702D49A057F
:1030180040F175845B0600F1A48009985BB0BDE8B7
:10302800F08F1646159A01333E44072B22606760DD
:10303800CDE92F367FF7D8AB584608992EAA01F06C
:1030480097FC0028D6D1309E31ACFFF7CEBB2F9B22
:10305800013603F10108119B04F10809012B40F323
:10306800D2810123B8F1070FCDE92F86276063606D
:1030780000F31284169B08F10108179A1E44B8F150
:10308800070FC9E90023CDE92F8600F3138409F15E
:103098000809119B0022DDE912015C1E0023FDF7DF
:1030A80039FD002840F0C98108F10108013726449C
:1030B800B8F1070FCDE92F86C9F80070C9F80440A8
:1030C80000F3AE8109F10809189A08F101031644C2
:1030D800C9F80420072B28AACDE92F36C9F8002003
:1030E800AADC09F10804FFF780BB584608992EAA04
:1030F80001F03EFC002883D131AC84E6089D584697
:10310800294601F0CFFE002841F04183B5F90C3083
:1031180003F01A020A2A7FF471AA0899B1F90E205D
:10312800002AFFF66BAA4A6ED20702D49B0540F12B
:10313800A086234632465846089901F0D7FB0990E5
:1031480009985BB0BDE8F08F990568D59F047FF5B5
:1031580040AA95047FF545AA089B9B899E0541F1E5
:1031680092834FF0FF33099357E7584608992EAAE0
:10317800159301F0FDFB00287FF43CAF309E159BB2
:1031880031ACFFF707BB584608992EAA159301F0F2
:10319800EFFB00287FF42EAF309E159B31ACFFF774
:1031A80009BB102F2F9B41F35E81BF4AAA464FF0FF
:1031B80010081546DDF82090159204E0103F102FF6
:1031C80004F1080415DD01331036072BC4E9005853
:1031D800CDE92F36F2DD494658462EAA01F0C8FB44
:1031E80000287FF407AFDDE92F36103F102F31ACF0
:1031F800E9DC55460133159A3E44072BC4E90027FC
:10320800CDE92F367FF7FAAA584608992EAA01F079
:10321800AFFB00287FF4EEAE309EFFF7EFBA089DB3
:10322800A86DFEF753FDB5F90C306A6E98047FF56A
:10323800D0A991047FF5D5A9D7078DD591E7259910
:10324800002940F34E81DDF83C90119B9945A8BFB9
:103258009946B9F1000F0ADD2F9B4E440133072B25
:10326800C4E9007930962F9300F3CB870834DDF852
:103278003C80B9F1000FA8BFA8EB0908B8F1000F0E
:1032880000F3F3830F9B1AF4806F3B4440F0E5860C
:10329800259A11998A4203DB1AF0010F00F0D784AE
:1032A800169917980E44C4E900012F9930960131F8
:1032B80007292F9101F341800834119907EB010880
:1032C800A8EB03088F1AB845A8BFB846B8F1000F95
:1032D8000BDD23602F9B46440133072BC4F8048081
:1032E80030962F9301F38B800834B8F1000FA8BFF4
:1032F800A7EB0807002F7FF778AA102F2F9B41F321
:103308000E826A4932464FF010080E46DDF82090CA
:10331800159104E00834103F102F7FF782AE013377
:103328001032072BC4E90068CDE92F32F2DD494697
:1033380058462EAA01F01CFB00287FF45BAEDDE99D
:103348002F3231ACE7E7302A00F0298230230238E7
:10335800002207F8013C07465AAB1B1A0B920C9344
:103368000799CDE90F229942B8BF194614920691E0
:10337800FFF7F7B92F9AB8F1100F41F32B80DFF858
:1033880028C12046CDE9205310266546089CCDF873
:1033980054C006E0A8F11008B8F1100F00F10800B9
:1033A80017DD01321031072AC0E90056CDE92F2177
:1033B800F0DD214658462EAA01F0DAFA00287FF4FB
:1033C80019AEDDE92F21A8F11008B8F1100F31A8C6
:1033D800E7DC0446DDE92053159808EB0106206078
:1033E800501C0728CDE92F06C4F8048000F38F820B
:1033F8009DF88F200834002A6FD1002B3FF4DDA9F7
:103408001346FFF7CBB91AF0010F7FF42AAE012358
:10341800B8F1070FCDE92F86276063607FF754AEB8
:10342800584608992EAA01F0A3FA00287FF4E2ADC5
:10343800DDE92F860DF1C40946E6119B012B7FF7C4
:1034480043AE112B41F3F981184932464346102700
:103458000E46DDF82080159105E009F10809103CB9
:10346800102C40F3508301331032072BC9E9006751
:10347800CDE92F32F1DD414658462EAA01F078FAFF
:1034880000287FF4B7ADDDE92F320DF1C409E6E776
:10349800584608992EAA01F06BFA00287FF4AAADC5
:1034A800309E31ACFFF791B9708800086088000839
:1034B80090047FF596A854E61AF0010F3FF495A9F9
:1034C800D0E456EA080321F0800A7FF4D4AB079BC6
:1034D800002B51D00026FFF7D2BB98460023FFF7F8
:1034E8004CB9012363602F9BB04A01330136072B87
:1034F80030962F93226000F359860834002940F053
:10350800E382119A0AF0010313433FF46EA9169B54
:10351800179A1E44C4E900232F9B30960133072BCA
:103528002F9300F3998404F10802DEE20E9B1A1D22
:103538000E9B00211B680E92FFF76DBA5146FFF7EC
:1035480068BB0E9A1AF0100852F8043B41F0C38188
:103558001AF0400100F0FA829EB2079B8DF88F8026
:10356800002BFFF6BFAB2AF0800A002E7FF4BAAB1F
:10357800079B0E92002BADD1CDE90F330C9314931A
:1035880006930B935AAFFFF7ECB81AF0100F40F000
:1035980053821AF0400F40F067831AF4007F00F05E
:1035A8004B820E9A099912681170FFF7EABA5046D1
:1035B800FFF728BA0E9B1A1D0E9B8A461E680E92AC
:1035C8004FEAE6784346002BBFF631AB2D238DF842
:1035D8008F30079B764268EB4808002BFFF64BAB11
:1035E8002AF0800AFFF747BBDDE9120102460B46C5
:1035F800FDF7C2FA0646002841F00A80B9F1610FCA
:1036080000F06E86B9F1410F00F04C83079B01333F
:1036180000F0CE87B9F1670F139B4AF4807800F069
:103628004587B9F1470F00F041870B90DDE9121289
:10363800002A1346C0F2758700231593DDE912238B
:10364800CDE91C23A9F14103252B00F2A682DFE86E
:1036580013F08707A402A402A40215046504A402B7
:10366800A402A402A402A402A402A402A402A40222
:10367800A402A402A402A402A402A402A402A40212
:10368800A402A402A402A402A402A402A402A40202
:10369800A4028707A402A402A402150465044448EE
:1036A8001AF0200600F0E9800E9B073323F0070389
:1036B8001A465E6852F8083B0E921AF0010200F0B2
:1036C800BB8053EA060200F0468130228DF8902034
:1036D80000228DF88F20079A8DF89190002AC0F269
:1036E800F7802AF4906242F0020A03F00F02825C2B
:1036F8000AF002011B0943EA06738DF867213209B3
:1037080053EA16160DF267170BD003F00F06865D05
:103718001B0943EA0273120907F8016D53EA02060E
:10372800F3D1079A5AAB4FF0000CDB1B9A42B8BF93
:103738001A46CDE90FCC0C930692CDF82CC0CDF8E3
:1037480050C000293FF40DA8DDE92F06069B31463D
:10375800023306931AF08403024608D1DDF828E004
:10376800DDF81880AEEB0808B8F1000F07DCBCF1F3
:10377800000F3FF413A84FF00208FEF7FEBF022324
:10378800F9E50C488CE70E920A4A03F00F07104639
:1037980002214FF07809D25D4AF0020AAAE7002216
:1037A8005AABDB1B0B920C93DAE500BFF8860008D6
:1037B800DC860008C8860008584608992EAA01F039
:1037C800D7F800287FF416AC309E31ACFEF7F5BF71
:1037D800584608992EAA01F0CBF800287FF40AACC5
:1037E800309E31ACFFF74BBB079B3A46062B28BFF0
:1037F800062307970B97CDE90F22B04F0693CDF814
:1038080038800C931492FEF7ACBF082200212CA834
:10381800FEF7B0F90E9A41AF2CAB394658461268FC
:1038280003F0CEFB034601330C905BD00C9B23EADC
:10383800E3730693FFF781B88DF88F20079A002A63
:1038480048DB53EA06022AF4906A7FF44EAF079ADF
:10385800002A00F0F780012AB8BF012203780692F7
:103868008DF86731012200230C92CDE90F330B93B9
:103878000DF267171493FEF774BF0E9A52F8043BC3
:103888000E921AF010027FF418AF1AF0400100F0FF
:103898004B8116469BB210E7584608992EAA01F0AC
:1038A80067F800287FF4A6ABDDE92F860DF1C4097F
:1038B800FFF7E0BB584608992EAA01F059F80028EE
:1038C8007FF498ABDDE92F860DF1C409FFF7E1BB62
:1038D8004AF0020A03F00F020AF00201825C2AF49D
:1038E800806A07E70898B0F90C30426E43F040014F
:1038F800D70781813FF535AC99053FF532AC089C77
:10390800A06DFEF7E5F9B4F90C30FFF783BB584614
:1039180008992EAA159301F02BF800287FF46AABBA
:103928009DF88F20309E159B002A00F096809846BF
:1039380031AC03462F98FEF720BF079B5AAFCDE95D
:103948000F330C9314930B93FEF70BBF5846FEF7F7
:1039580003F8FEF734BE0021079B8DF88F108B42C9
:10396800C0F21F832AF4906A71E7584608992EAA74
:1039780000F0FEFF00287FF43DAB309E31ACFFF72E
:103988006CBA082200212CA82797FEF7F3F8079BAA
:10399800002BC0F2F782002606940B9534461D468C
:1039A8000FE02CAB584641A903F00AFB431C06F173
:1039B8000406204400F0F185A84206DC00F04B869E
:1039C8000446279B9A59002AEBD10C940B9D069C20
:1039D8000C9B002B00F0F783632B40F3538558466C
:1039E800591CFEF705FB0746002800F06A870B9074
:1039F800082200212CA8FEF7BDF80C9E2CAB0093E2
:103A080039463346584627AA03F000FB864240F061
:103A1800528700230C9ABB5422EAE2719DF88F204A
:103A28000691002A40F03385CDE90F220792CDF8A0
:103A380038801492FEF795BE0E9A099912681160A3
:103A4800FFF79FB8079B97E51D480E9201F00F02FC
:103A58004FF078090221825C4CE6002B00F00181CE
:103A680013462F9831ACFEF799BEB8F1100F2F9B73
:103A780040F3C9861348224631464FF010090646DE
:103A8800089C159006E00832A8F11008B8F1100F4C
:103A980040F3518201331031072BC2E90069CDE9A7
:103AA8002F31F0DD214658462EAA00F061FF00288C
:103AB8007FF4A0AADDE92F3131AAE5E7F0860008F6
:103AC800C886000860880008169B179A1E44C4E937
:103AD80000232F9B30960133072B2F9300F3BC81D3
:103AE80004F108020029C0F29984119901330E44A7
:103AF800072BCDE92F36176051603FF79DAA02F1D9
:103B08000804FEF772BE1646984608F10108159B90
:103B18002644B8F1070FCDE92F86C9F80030C9F857
:103B280004407FF7CFAA7BE41AF400761CBF0E4648
:103B3800DBB2C2E51AF4007F14BF46F3C0184FEA9F
:103B4800E678434618BF76B2FFF76EB81AF40078E5
:103B580040F0908007991E4600298DF88F80FFF667
:103B6800C1A82AF0800A002B7FF4BCA80B460E924D
:103B780000297FF4AFACFFE41AF4007100F08480F0
:103B880001460E925046DBB2FEF745BF9DF88F30D6
:103B980006920C925AAFFFF782B8079B58460193DA
:103BA800022300932CAB049327AB039325AB02931A
:103BB800DDE91C2301F054FC07461AF0010F40F020
:103BC8001484259A2C9BD11CA3EB070311930F9205
:103BD800C0F2C28307999142C0F25F83934200F317
:103BE80046840F9B0C931AF4806F03D00F9B002B15
:103BF80000F33785C2464FF067090C9B23EAE3734D
:103C08000693002314931093159B0AF00201002BCE
:103C180000F088814FF02D0C8DF88FC0069B013382
:103C28000693002307938CE5DDF81CC04FF0780954
:103C38000E92CDF850C0CDF840C0CDF830C0CDF8C8
:103C48003CC0CDF818C0CDF82CC05AAF7CE507EBC6
:103C58000108A8EB03088F1AB845A8BFB846FFF7B4
:103C680044BB31ACFEF7A9BD0E9A099912681180C0
:103C7800FEF787BFDEB2079B8846002B8DF88F10B2
:103C8800BFF671ACFFF72EB850460E92FEF7C3BED2
:103C9800584608992EAA00F06BFE00283FF4BDA8EC
:103CA800FFF7AEB945F63003ADF89030079B4AF000
:103CB800020A632B00F33D84DDE91212002AC0F2E8
:103CC8004684DDE9120125AA01F0B6FA00224FF078
:103CD8007F53FCF7B7FC02460B46CDE90C230022C4
:103CE8000023FCF717FF08B1012325930023B14AED
:103CF8001593069241AF0B93079BB846591E07943C
:103D08000F95CDF8409014978946DDE90C45069F3C
:103D1800CDF844A007E000220023FCF7FBFE0028B2
:103D280040F05284D1460022A34B20462946FCF796
:103D380089FC0D460446FCF735FF0646FCF718FCDF
:103D480002460B4620462946FCF7C4FABB5DB9F18A
:103D5800FF3F424604460D4609F1FF3A08F8013B89
:103D6800D9D11892954B0022CDE90C45DDE90F59C0
:103D7800079CDDF844A0149FFCF7F4FE40B9DDE988
:103D88000C0100228D4BFCF7C5FEE0B1F0071AD5F7
:103D9800189B2C93069B18F8012CD97B434691421B
:103DA80009D1302003F8010C2C9B5A1E2C9213F8D1
:103DB800012C8A42F6D0392A0BBF069A0132927A30
:103DC800D2B203F8012C259AA8EB07031193B9F195
:103DD800610F02F1FF33259300F0C38450214FF0A7
:103DE8004109002B8DF8A010C0F2B1842B22092BB9
:103DF8008DF8A12000F3C0820DF1A202303302F841
:103E0800013B28ABD31A1893119B189A012B1A441B
:103E18000C9240F3D4830C9B169A13440C932AF407
:103E2800806343F4807A00230C9ACDE90F3322EAA9
:103E3800E27214930692E7E63846FDF74BFF9DF8C9
:103E48008F3020EAE0720C900692CDF83880002B73
:103E58003EF4BEADFEF7B9BD584608992EAA00F04B
:103E680087FD00287FF4C6A8DDE92F36259931AAF9
:103E780038E6886DFDF72CFFFFF75BB90223079A38
:103E88000132119200932CAB119E049327AB03933C
:103E980025AB019602935846DDE91C2301F0E0FAB0
:103EA80029F02003462B07460693064400F0B58107
:103EB800DDE91C0100220023FCF72CFE002840F05D
:103EC8002A842C9BB34280F0248445220692302118
:103ED8005A1C2C9219702C9BB342F9D3DB1B1193FB
:103EE800259B0F93069B472B00F0D081069B462B02
:103EF80000F0AB810F9B8DF8A090013B002B259320
:103F0800C0F231822B22092B8DF8A12000F33482D4
:103F180030228DF8A2200DF1A3026FE7079B1193C1
:103F28000323AFE79DF88FC0BCF1000F7FF476AE96
:103F3800159B079305E414460E460133159A46442B
:103F4800072BCDE92F362260C4F8048000F3CE8217
:103F58000834FFF797B92D238DF88F3003230C937E
:103F68000423B9F1470F0B96069340F33782CDE946
:103F78000F66134F07961496FEF7F3BB8A460E9208
:103F8800FEF779BE2CAB009300235846194627AAA2
:103F980003F03CF8034601330C9000F0FE822797AB
:103FA80016E503782AF4806A8DF867310DF26717F1
:103FB800FFF7B7BBDC860008000030400000E03F98
:103FC800BC8600081B9A1999BD1A284601F080F88A
:103FD80099F801300BB109F101094FF0CC314FF0DC
:103FE800010CB64A16EB080343F10003A2FB030ECB
:103FF8002EF0030000EB9E001B1AF31A03FB01F1DD
:1040080068F10008A3FB023002FB081123FA0CF345
:10401800014443EAC17621FA0CF816EB080343F190
:104028000003A2FB031020F0030101EB90015B1ACF
:10403800F31AA3FB023168F1000002FB001223FA15
:104048000CF343EAC27303EB8303A6EB4303303359
:104058006F1E05F8013CFEF79FBE119A3146BA184B
:10406800079222461C46109BDDF85080002BCDF8A5
:1040780054A0DDF868901B9EDDF820A00F951497DA
:104088002EDDB8F1000F7EDD08F1FF382F98199B5F
:10409800013031440728C2E9003630912F9067DC9F
:1040A8000832079B99F800001F1B8742A8BF0746E4
:1040B800002F0BDD2F98394401300728C2E900474B
:1040C80030912F9065DC99F800000832002FB4BFBA
:1040D8000546C51B002D16DC0444109B002BD0DCC4
:1040E800B8F1000FD0DC2346149F1446119A0E46EF
:1040F800BA18934228BF13460F9DDDF854A0CDF897
:104108006890FFF7C5B8102D2F986D4B23DD0C94E0
:1041180010272C461D4604E0103C102C02F1080222
:1041280016DD0130664B10310728C2E90037CDE9AA
:104138002F01F1DD514658462EAA00F019FC00283F
:104148007EF458AFDDE92F01103C102C31AAE8DCD1
:104158002B4625460C9C013029440728CDE92F0120
:10416800136055603FDC99F8000008320444B4E756
:10417800514658462EAA00F0FBFB00287EF43AAFC1
:10418800309931AA8DE7109B09F1FF39013B109353
:104198007CE7514658462EAA00F0EAFB00287EF438
:1041A80029AF99F80000309931AA8FE75846089945
:1041B8002EAA00F0DDFB00287EF41CAF2599309E66
:1041C80031ACFFF79BB99DF88F30CDF83880003BB4
:1041D80018BF012306930C9BCDE90F330793149363
:1041E8000B93FEF7BEBA514658462EAA00F0C0FB04
:1041F80000287EF4FFAE99F80000309931AA0444F3
:104208006BE7584608992EAA00F0B2FB00287EF406
:10421800F1AE309E31ACFFF72AB83B78302B00F076
:104228006082259B1E440022DDE91C010023FCF767
:1042380071FC20BB2C9B9E423FF649AEDB1B1193C1
:10424800259B0F93069B472B20D00F99079A0AF0BE
:104258000103002943EA020340F3D982002B40F00E
:104268002A824FF066090F9B0C931AF4806F40F076
:10427800FA810C9BC24623EAE3730693C1E4259BAB
:104288000F93F31B1193069B472BDED10F9B033330
:1042980062DB079B0F9A934214DA0F9BA9F102097C
:1042A800013B002B8DF8A0902593BFF62BAE2D2255
:1042B8000F9B8DF8A120C3F1010329E6CDCCCCCC0E
:1042C80060880008119B0F9A934200F3D0801AF07F
:1042D800010F0F9B00F05882169A13440C9382E446
:1042E80047F63003ADF89030079B4AF0020A632B7B
:1042F80000F31F81DDE91212002AC0F22881DDE9EE
:10430800120125AA00F098FF00224FF07F53FCF716
:1043180099F902460B46CDE90C2300230022FCF74D
:10432800F9FB0346002800F00B820123159625931C
:104338000B9641AFB04B0693DEE4584608992EAA77
:10434800079300F015FB00287EF454AE259A309EA2
:10435800079B31ACFEF7B1BF0F9BA9F10209013BE6
:104368008DF8A09025932D220F9B8DF8A120C3F1E5
:104378000103092B7FF7CCAD0DF1B70C6246DFF8CE
:104388007CE21E461046AEFB0321C90801EB810200
:10439800A3EB42023032632E00F8012C0B4600F1E9
:1043A800FF32EEDC303302F8013C831E634580F0B7
:1043B80048820DF1A10213F8011B634502F8011FA1
:1043C800F9D103F5B4736B44C43B1B1A28AA9B1A92
:1043D800189319E58A481590FEF7FEBFCDE90F66D8
:1043E800884F07961496FEF7BCB947230693079B98
:1043F800FE1818E700230D460793FEF73FB9584605
:1044080008992EAA00F0B4FA00287EF4F3AD259F8F
:10441800119B309E31ACDF1BFEF767BFC1F100086E
:10442800103180F22D8278483146102406461590C6
:1044380005E00832A8F11008B8F1100F62DD013369
:104448001031072BC2E90064CDE92F31F1DD584660
:1044580008992EAA00F08CFA00287EF4CBADDDE98D
:104468002F3131AAE6E7664A1592FEF7C3BE119BC3
:10447800169A9A180F9B0C92002B40F33E814FF02E
:104488006709F2E6002341AF0B93FFF7B1BA069A2A
:10449800CDE90F3301320793CDF838800692149393
:1044A800FEF75FB9584B1593FEF74FBD079A002AE0
:1044B80000F07B81002BC0F2C881DDE91223CDE931
:1044C8001C231596079B58460193022300932CAB97
:1044D800049327AB039325AB0293DDE91C2300F07B
:1044E800BFFF002307460B93FFF767BB58460899A1
:1044F8002EAA00F03DFA00287EF47CAD309E31AC47
:10450800FEF7C0BE0E46013315994644072BCDE988
:104518002F361160C2F8048000F305810832FFF7D6
:10452800E4BA1C912D2103F1004315911D93FFF767
:1045380089B8079B5846591CFDF75AFD07460028BD
:104548003FF4D0A90B904AF48078FFF76FB8134670
:104558001C912D2103F100430B96159141AF1D933A
:1045680025AADDE91C0100F067FE00224FF07F5309
:10457800FCF768F802460B46CDE90C23002200231D
:10458800FCF7C8FA08B101232593B9F1610F3FF48C
:10459800D1AE1E4B0693FFF7AFBB0022089B0B92D0
:1045A800B3F90C3043F04003089A9381FEF722BD1B
:1045B80006230B9007934AF48078FFF737B81AF070
:1045C800010F3FF42CAC26E44946DDE9109A002996
:1045D800079C0F9D149FFFF6F6AB424630204B1CFC
:1045E800434402F8010B9A42FBD108EB010303F1A3
:1045F8000108FFF7E8BB00BFC8860008CDCCCCCCCB
:1046080070880008B886000860880008DC86000802
:10461800139B2AF0800A13F000430F9300F0D08018
:104628002D2303228DF88F300023CDE90B3204228D
:10463800B9F1470F069240F31181CDE90F33A74F27
:1046480007931493FEF78DB803220023CDE90B32AC
:104658000422FEF781B8079B069C0B9D0C93FFF77D
:10466800B7B94FF067091A990B78FF2B00F01C8136
:1046780000260F9A304603E001300131FF2B08D0A5
:10468800934206DAD21A4B78002BF5D10B78013613
:10469800F4E7CDE90F201A911496109A149B1B99F0
:1046A80013440C9AC24601FB03230C9323EAE373D9
:1046B8000693FFF7A9BA169B0A44D3184FF0660968
:1046C8000C93D2E5CDF83880002B4DD0079B4FF0E6
:1046D80073090C9301330693079014901090FEF71A
:1046E80040B80022DDE91C010023FCF713FA00287A
:1046F80045D0259B0F931E44C3E5C3F101031A441B
:1047080022EAE273C2464FF067090C920693FFF75C
:1047180078BADB1B1193259B0F93FFF7EBBB704A0D
:104728001592FEF77FBC584608992EAA00F020F98A
:1047380000287EF45FACDDE92F3631AAFFF7D5B942
:10474800684A1593069241AF0B93FFF7D5BAC2F1A9
:1047580001032D22092B8DF8A1203FF70DAEFFF79D
:104768004BBB7021FFF73DBB079B4FF073090C93C0
:1047780006930B9B149310930793FDF7F2BF119BBD
:10478800C3F1010325934DE50C93FFF72CBA089A62
:10479800536ED8073EF5E5AC938999053EF5E1AC33
:1047A800906DFDF795FAFEF7DCBC002B5DDB079BEF
:1047B800159301230793DDE91223CDE91C2381E634
:1047C8009DF88F30B9F1470FCCBF444F464F002BAF
:1047D8005FD1032207930C92149310930B930692C4
:1047E800FDF7BFBF0E9A6B780D4652F8041B0E9268
:1047F80041EAE1720792FDF73FBFCDE90F330B9312
:104808001493FDF7AEBF364A1592FFF796BBC24622
:1048180033B901234FF0660906930C93FFF7F1B9FA
:10482800169B03F10109079B4B440C9323EAE3739E
:104838004FF066090693FFF7E4B9294B1593FFF784
:1048480064B902231893FFF7DFBA2D21DDE912239B
:1048580003F100431C9215911D9333E6CDE90F3304
:10486800214F07931493FDF77CBF2D21DDE9122317
:104878001591012103F100431C9207911D9321E634
:10488800174915913FE6089B986DFDF721FAFEF749
:1048980068BC032200230C92042207930692149307
:1048A80010930B93FDF75DBF002314931093F4E668
:1048B8005046FEF73DBE089BB3F90C3043F0400369
:1048C80072E6089B0B90B3F90C3043F040036BE69B
:1048D8005146FEF771BE5146FEF7F4B9C48600088A
:1048E80060880008C8860008C08600082DE9F041E5
:1048F8004FF480650027ADF58D6D1AAECDE90557EB
:10490800984607460096049616468B8916A823F003
:104918000203ADF80C304B6E02951993CB890D4606
:10492800ADF80E30CB696C4607934B6A0993FDF7D7
:10493800C9F93246434669463846FDF723FE061E46
:1049480007DB6946384600F015F9002818BF4FF014
:10495800FF36A3895B0603D5AB8943F04003AB81DF
:10496800A06DFDF7B1F930460DF58D6DBDE8F0810C
:10497800936810B514461BB918460023636010BD30
:1049880000F022F90023A3600023636010BD00BF7C
:1049980070B500293FD006460C4610B1436B002B7A
:1049A8003CD0636EB4F90C20DD0732D4900538D5BD
:1049B8002146304600F04CF8E36A054633B13046EC
:1049C800E16998470028B8BF4FF0FF35A3891A0658
:1049D80039D4216B41B104F14003994202D03046E9
:1049E800FDF712FA00232363616C21B13046FDF70D
:1049F8000BFA00236364FCF7CDFF0022636EA281EB
:104A0800DB071CD5A06DFDF75FF9FCF7C9FF284649
:104A180070BD002ACCD10025284670BDFCF79CFF4C
:104A2800BFE7A06DFDF752F9B4F90C30002BBFD1E8
:104A3800636ED907EFD4A06DFDF74AF9EBE7A06DD7
:104A4800FDF746F9DEE730462169FDF7DDF9C0E7F5
:104A5800B1F90C20F8B515070C46074649D4496842
:104A680042F400630029A38160DDA66A002E3ED0CF
:104A7800002112F480523D68396063D10123384621
:104A8800E169B0470246501C69D0B4F90C30A66AF7
:104A9800590705D56368D21A236B0BB1E36BD21A99
:104AA80000233846E169B047421CB4F90C304BD1B9
:104AB80039681D2940D82E4ACA40D6073CD500225D
:104AC80062602269D904226023F40062A28102D5BF
:104AD8003B68002B41D0216B3D6041B104F140039C
:104AE800994202D03846FDF78FF90023236300204E
:104AF800F8BD0E69002EFAD0920718BF00230D6882
:104B080008BF4B690E60AD1B8B600CE02B4632462C
:104B1800D4F824C03846E169E047B0F1000CA5EBB1
:104B28000C05664406DD002DF0DCE0E7E16B0029AA
:104B38009BDCDCE7B4F90C3043F040034FF0FF3066
:104B4800A381F8BD226DA3E700226260226922607A
:104B580023F40062DB04A281BDD52065BBE73B6876
:104B6800002B92D01D2B01D0162BE3D13D60BEE760
:104B78000100402038B505460C4608B1436B03B325
:104B8800B4F90C0088B1636EDB0701D481050FD539
:104B980028462146FFF75CFF636E0546DA0702D414
:104BA800A3899B0508D5284638BD0546284638BD43
:104BB800A06DFDF78BF8EBE7A06DFDF789F82846A7
:104BC80038BDFCF7C9FEDBE79368002B00F0AB802B
:104BD8002DE9F04FB1F90CC017461CF0080F8046BC
:104BE8000C4683B024D00B6913B31CF002093E684D
:104BF8002AD04FF0000B5D46DFF8A4A2002D00F08C
:104C0800818055452B465A4628BF53464046E169A0
:104C1800D4F824C0E04700287DDDBB6883441B1A14
:104C28002D1ABB60002BE9D1002003B0BDE8F08F3E
:104C38002146404600F036F9002871D1B4F90CC07D
:104C48003E681CF00209D4D11CF0010A6DD155460A
:104C58002368002D52D01CF4007F1846D4F8089021
:104C680000F0A580A945CB4600F2E0801CF4906FC7
:104C780032D021696269A3EB010902EB420202EB1F
:104C8800D27209F1010352102B44934292BF93460A
:104C98009B461A461CF4806F00F0E6801146404699
:104CA800FDF7A6F9002800F0F5804A462169019031
:104CB800FBF796FAA289019B22F4906242F08002E7
:104CC800A28103EB09002361C4F814B0ABEB09031C
:104CD800A946AB46A360206051465A4600F060F9E9
:104CE800A2682368A2EB0902A260B9685B44491B69
:104CF8002360B960002997D0B4F90CC0D6E900A5A3
:104D08000836A6E7D6E900B5083677E721464046D3
:104D1800FFF730FF60B3B4F90C3043F04003A381D0
:104D28004FF0FF3081E7002070474D46BA464846AD
:104D38004F465DB380B34A4620682169AA4228BF1E
:104D48002A468842636904D9A16803EB010B5A45D6
:104D58007CDC93426DDC3A464046E169D4F824C0D5
:104D6800E047B0F1000BD6DDB9EB0B09CED001203E
:104D7800DAF808305F44A3EB0B03A5EB0B05CAF880
:104D88000830002B3FF450AF002DD3D1756833465F
:104D98000836002DFAD01F682A460A21384600F046
:104DA8000BFA002873D00130A0EB0709C3E722698A
:104DB8009A4223D3D4F814C0AC451FD86FF00043EF
:104DC800AB4228BF2B4693FBFCF352460CFB03F384
:104DD8004046E169D4F824C0E047B0F100099ADD03
:104DE800BB68A5EB0905A3EB0903CA44BB60002B0C
:104DF8003FF41AAFB4F90CC023682AE7A94528BFC5
:104E0800A94618464A46514600F0CAF8A2682368DF
:104E1800A2EB09024B44A2602360002AE0D121469C
:104E28004046FFF7A7FE0028DAD074E7A946AB464C
:104E380052E73946019200F0B3F8019AA368934605
:104E48009B1AA3602368134423608DE739465A46AA
:104E580000F0A6F8236821465B4440462360FFF72C
:104E680089FE002880D056E7404601F0F3FE03464D
:104E780000287FF426AF40462169FCF7C5FF0C22C5
:104E8800B4F90C30C8F8002023F0800345E76A1C09
:104E9800914651E70C22B4F90C30C8F800203CE7E1
:104EA80000FCFF7F38B53D4B05461B680C4613B127
:104EB8005A6B002A5AD0B4F90C3019070BD522695D
:104EC8009AB113F0010221D19B0756BF6369A26012
:104ED800A360002038BDDA0658D558071CD42269CB
:104EE80043F00803A381002AEBD1990528D51806B9
:104EF80003F0800124D4D80741D49D073CD5A26093
:104F08000029E6D043F04003A38144E0002263690E
:104F1800A2605B42A361DCE7216B51B104F140025E
:104F2800914204D02846FCF76FFFB4F90C300022F8
:104F380022630021226923F02403C4E90021CFE77A
:104F48002146284602F06EF8B4F90C30226913F0B5
:104F580001010FD000206169A0604942A161002AC7
:104F6800B7D103F080010029B3D0CBE71846FCF78E
:104F7800F3FCA0E7980700D46169A160EFE76069D6
:104F8800A2604042A0610029A3D0BBE7092243F0F8
:104F980040032A60A3814FF0FF3038BD2400002071
:104FA8008842F0B514D98B18834211D9032A00EB33
:104FB800020166D802F1FF3C4AB16FEA0C0C0A46BE
:104FC8009C4413F8011D634502F8011DF9D1F0BD99
:104FD800032A0FD8034602F1FF3C002AF7D00CF150
:104FE800010C013B8C4411F8012B614503F8012F9A
:104FF800F9D1F0BD41EA00039B073ED10F2A64D9DD
:1050080001F11004A446A2F11003203123F00F038C
:10501800194400F1100E5CF8105C0CF1100C4EF8FD
:10502800105C5CF81C5C0EF1100E4EF81C5C5CF811
:10503800185C4EF8185C5CF8145C8C454EF8145CEF
:10504800E9D1E11812F00C0F034402F00F0E03F13E
:10505800100338D08C462EF00305043D1A1F5E1944
:105068005CF8044B42F8044FB242F9D104310433DE
:1050780029442B440EF00302ADE7034602F1FF3C3E
:10508800ADE741EA0304A4071F4602D002F1FF3C42
:1050980093E78C46A2F1040E2EF003068E1B4FEA0E
:1050A8009E0E644653F8045DB4424CF8045DF8D192
:1050B800CEEB8E7301EB830107EB83073B1F0439AB
:1050C80002F0030276E7724685E703469646C1E793
:1050D80040EA01039B0710B524D1032A22D98E4642
:1050E8008446DEF800407146A4F1013323EA040344
:1050F80013F0803F0EF1040E15D1043A032A4CF840
:10510800044BEED8714601F1FF3E52B163461EF8DA
:10511800011F541E03F8011B41B122469C46002A78
:10512800F4D110BD844601F1FF3EEEE79444002C13
:10513800F7D003F8011B6345FBD110BD014B93F871
:1051480010027047400600200048704718080020E9
:10515800002238B5064D044608462A60FBF758FE7B
:10516800431C00D038BD2B68002BFBD0236038BD12
:10517800F80A002038B5074D074C2C1BA41005D0A1
:10518800013C55F8043D9847002CF9D1BDE838405A
:1051980003F078BAB88A0008B48A0008082802D14F
:1051A8004FF48050704708B5FCF786FD1622034679
:1051B8004FF0FF301A6008BD30B586468007CCB284
:1051C80015D0F4460EEB020507E0634613F8011B01
:1051D800A14206D0990705D09C4665456046F4D1A2
:1051E800002030BD013A72449E46A2EB0C02032A0D
:1051F8000CD8002AF4D07346724401E09A42EFD0EA
:10520800184613F8011BA142F8D130BD714604EBD2
:10521800042505EB05458E4651F8043B6B40A3F188
:10522800013020EA030313F0803FE4D1043A032A53
:10523800F1D88E46DDE700BFF8B50027DFF858C083
:1052480021F00043634504460D46176021D8844683
:1052580053EA0C0C1DD0DFF844C0164601EA0C0CCA
:105268000A46BCF1000F09D100220D4BFBF7EAF901
:105278006FF0350704460A4621F000431B156FF30B
:105288001E52A3F2FE333B4442F07F55336045F48F
:10529800001520462946F8BDFFFFEF7F0000F07F8C
:1052A800000050432DE9F8431B4D064628689846F0
:1052B8000F469146FCF70AFD184B1C681CB328687A
:1052C80065681F2D22DC4EB96B1C0235636044F8FB
:1052D8002570FCF7FDFC0020BDE8F883012304EBF2
:1052E8008501C1F88890D4F88821AB401A43022E72
:1052F800C4F88821C1F80881E6D1D4F88C211A4372
:10530800C4F88C21E0E7064C1C60D8E7FCF7E0FC09
:105318004FF0FF30E0E700BF28020020080B002014
:10532800400B00202DE9F04F03690C6985B0A342BA
:10533800C0F291808146013C01F1140509F114087D
:1053480055F8243058F824C001339C45BCFBF3F6CB
:105358004FEA840005EB840708EB840243D34FF03F
:10536800000CAA46CDE90105C64663466546934644
:10537800CDF80C805AF8040BDEF800201FFA80FCE8
:1053880006FB0C554FEA10484FEA154C06FB08CCB3
:10539800ADB290B2401B18441FFA8CF3C3EB204304
:1053A80003EB124380B240EA034057454EF8040B22
:1053B8004FEA1C454FEA2343DCD2DDE90105DDF85D
:1053C8000C8058F8003073B9ABF10402904504D34F
:1053D80007E0904504F1FF3403D252F80439002B5A
:1053E800F7D0C9F81040484601F006FB00282EDB2C
:1053F8004146002255F8040BD1F800C01FFA80FE80
:105408001FFA8CF3A3EB0E031344020CC2EB2342E6
:1054180002EB1C429BB243EA0243AF4241F8043B11
:105428004FEA2242E6D258F8242008EB84036AB9EE
:10543800043B434504D807E0984504F1FF3403D200
:1054480053F80429002AF7D0C9F81040013630462D
:1054580005B0BDE8F08F002005B0BDE8F08F00BFB3
:105468002DE9F04F16461F46816B9FB00446CDE9E3
:1054780004672B9D41B10123C26B93408B604A6046
:1054880001F040F80023A363B7F10009B4BF01237A
:1054980000232B60B44BBCBF29F00049CDF8149011
:1054A80033EA090300F0A480DDE904231046194615
:1054B80000220023CDE90201FBF72CFB824668B1EC
:1054C80001232A9A13602C9B13B1A84B2C9A1360C2
:1054D800A74B079307981FB0BDE8F08F1CAB01934B
:1054E8001DAB00932046DDE9022301F057FB5FEA7C
:1054F8001955DDF87080099040F090801D9D454455
:1055080005F23243202B40F32D82C3F1400309FA00
:1055180003F905F2124326FA03F349EA0300FBF7FD
:1055280017F80123013D1093A1F1F87319460022E1
:10553800904BFAF7CFFE86A3D3E90023FBF782F856
:1055480085A3D3E90023FAF7C7FE064628460F4687
:10555800FBF70EF882A3D3E90023FBF773F80246A2
:105568000B4630463946FAF7B7FE06460F46FBF7B4
:1055780019FB002281460890002330463946FBF784
:10558800D3FA002840F01581A8EB0508089D08F11A
:10559800FF3B162D00F2F880DDE90201764A02EBA6
:1055A800C503D3E90023FBF7BFFA002840F0D481F4
:1055B800B8F1000F0D9040F38A85AB440C950A9022
:1055C80000230B93289B092B3CD8052BC4BF043B15
:1055D8002893289BC8BF0025A3F10203D8BF012543
:1055E800032B31D8DFE813F0ED02EA02DF02C7012E
:1055F80042F20F732A9AC9F3130959EA060913608C
:1056080019D12C9B002B00F02C875C4B0793083397
:105618002C9A079813601FB0BDE8F08FDDE90201EE
:10562800C1F3130343F07F53CDF840A0A5F2FF3533
:1056380043F440137AE72C9B002B40F09881504BA1
:10564800079347E700232893002520462946E5636A
:1056580000F032FF0790002800F0AC86079BA36398
:105668001D9B002BC0F2B380089A0E2A00F3AF806E
:10567800DDE90289404B404603EBC203D3E90067EA
:10568800494632463B46CDE90467FBF705F9FBF787
:1056980089FA0546FAF76CFF32463B46FAF7D2FF1D
:1056A8004FF0FF3A0B46024649464046FAF712FECB
:1056B80005F13003079D05F8013B02944FF00109FD
:1056C8005446DDE904AB1DE052465B463046394698
:1056D800FBF7E2F8FBF766FA8046FAF749FF52460D
:1056E8005B46FAF7AFFF09F101090B460246394656
:1056F8003046FAF7EFFD08F13003A14505F8013B04
:1057080000F0428500221F4BFAF79CFF002200237D
:1057180006460F46FBF7FEF90028D5D0AB46089F92
:10572800029C01372046099900F0ECFE00238BF813
:1057380000302A9B1F602C9B002B3FF4CBAE0798B0
:10574800C3F800B01FB0BDE8F08F00BFAFF3008012
:1057580061436F63A787D23FB3C8608B288AC63F6F
:10576800FB799F501344D33F0000F07FF98600086F
:10577800F88600080000F83FB88800084487000849
:10578800508700080000244001230D93BBF1000F4F
:10579800C0F2DC8000230A93089B002B80F2D380A0
:1057A8000A9A089BD21A0A9200225B420C920B9327
:1057B80008E74846FAF7DCFE32463B46FBF7AAF90B
:1057C80000287FF4E1AE09F1FF330893DCE64FF0DF
:1057D800FF3A2995CDF850A0109A002A40F0F4819C
:1057E8001C9B0B9FC3F136030A9A01212046D5184A
:1057F8009B4400F04BFF0A9A0646002A40F0828339
:105808000B9B002B00F0F683002F40F0DA83204634
:105818000B9A099901F01CF8012309900B930121B7
:10582800204600F033FF0C9B0290002B40F00483CD
:10583800289B012B40F38C830120584410F01F0053
:1058480000F0CA81C0F12003042B40F39A830A9B1D
:10585800C0F11C00034405440A938344002D05DD70
:105868002A462046099901F053F80990BBF1000F28
:1058780005DD5A462046029901F04AF802900D9B30
:10588800002B40F0EF82BAF1000F40F3B0820B9B7F
:10589800002B40F0FC81089F01370125DDF81C80B2
:1058A800DDF824B0DDF8089007E0594600230A2205
:1058B800204600F031FE8346013549465846FFF739
:1058C80031FD554500F1300008F8010BEDDBBAF168
:1058D800000F0AF1FF35D8BF0025079B81465A1CE7
:1058E80005EB020A0025CDF824B0012209992046CB
:1058F80001F00EF80299099001F07EF8002840F3B3
:105908007C83079A02E0924500F082831AF8013CF2
:10591800D346392B0AF1FF3AF5D001338AF8003023
:105928002046029900F0EEFD002E3FF4FBAE2DB1AB
:10593800B54203D02946204600F0E4FD3146204612
:1059480000F0E0FDEEE69B440C9339E6C8F1010354
:105958004FF0000B0A931FE7089B013B08930023B5
:105968000D9313E7C3F1200306FA03F0D7E59E4B26
:10597800079303334CE601231293299B089A134497
:1059880003F1010A5646012EB8BF01261493172EBB
:1059980040F35E85012204235B0003F11400B0424A
:1059A800114602F10102F7D9E163204600F084FDB7
:1059B8000790002800F0FE84BAF10E0FA06300F2F1
:1059C8002181002D00F01E81089A002A40F3568399
:1059D800864902F00F0301EBC303D1054FEA2215F4
:1059E800D3E9006740F1EE83DDE90201804B4FF017
:1059F8000309D3E90823FAF74FFFCDE90E0105F0B3
:105A08000F0585B1DFF8E881EA0740F1E180F8E8A1
:105A1800022330463946FAF715FE6D1006460F4642
:105A280009F10109F0D1DDE90E0132463B46FAF7EA
:105A380033FFCDE90E010D9B53B1DDE90E6700225E
:105A4800304639466B4BFBF76FF8002840F06C8402
:105A58004846FAF78DFDDDE90E23FAF7F3FD00223B
:105A6800654BFAF739FC0646A1F15077BAF1000FF9
:105A780000F0E182089BCDF854A01B935B4B15996D
:105A88001A9303EBC10353E90212CDE91667DDE966
:105A98000E56CDE9181228463146FBF783F800F177
:105AA80030035FFA83F8FAF763FD02460B4628468F
:105AB8003146FAF70FFC079B0F4612995D1C064604
:105AC800DDE918230E95002900F0AF8300204B492B
:105AD800FAF7E2FEDDE91623FAF7FCFB02460B466D
:105AE800DDF81CC0CDE912238CF8008032463B4615
:105AF800FBF738F8002840F06B84DDF85480CDF8C7
:105B080058B0CDF854A04FF00009DDE912AB0E945F
:105B18002BE009F10109C14580F2D0815046594670
:105B28000022374BFAF78EFD0022354B82468B4612
:105B380030463946FAF786FD0F460646FBF732F837
:105B48000446FAF715FD02460B4630463946FAF781
:105B5800C1FB303452465B4605F8014B06460F46FA
:105B6800FAF7E2FF002840F0328432463B46002034
:105B78002049FAF7AFFB52465B46FAF7D5FF0028F3
:105B8800C7D01B9E0E9C079A013602E0954200F092
:105B9800F383AB4615F8013D392BF7D00133DBB25F
:105BA80037462B70BEE501231293299B002B40F347
:105BB800B881299B9A461E461493E8E6002312935F
:105BC800DBE600231293F0E70B9F03F233430BE667
:105BD8006D1008F1080817E71C230A9A1D441A4497
:105BE8000A929B443AE600BF50870008B88800082C
:105BF800908800080000F03F00001C400000E03FD3
:105C0800000024401D9B002BC0F24881089A0E2AF0
:105C180000F34481A74B1A93089A1A9B03EBC2031B
:105C2800D3E90023CDE90423299B002B80F2D182FC
:105C3800BAF1000F00F3CD8240F01682DDE90401CD
:105C480000229D4BFAF7FEFC02460B46DDE90201F5
:105C5800FAF774FF5146002840F007823123DDF837
:105C68001CB020460BF8013B00F04CFC089F0237A3
:105C780058E5314600230A22204600F04DFC149BCB
:105C88000646002B40F3DE83DDF850A008950A9BFA
:105C9800002B05DD31461A46204600F039FE06463F
:105CA8000C9B002B40F05982B046079B03F1FF3B49
:105CB8001D460BEB0A030A93049BDDF824B003F09E
:105CC80001030B9302995846FFF72CFB3146824695
:105CD800584600F091FE029907464246204600F0D9
:105CE800ABFEC36801460AF13009002B36D1099092
:105CF800584600F081FE09990990204600F002FC00
:105D0800099B002B58D1289B1BB90B9B002B00F03B
:105D18008283002FC0F24B83AA460A9B0AF8019B94
:105D28009D4200F07A82594600230A22204600F05C
:105D3800F3FB4645834631464FF000034FF00A0215
:105D4800204633D000F0E8FB414600230A220646ED
:105D5800204600F0E1FB55468046B3E72046CDF8E3
:105D680024B000F0CFFB002F06DB049B03F00102F8
:105D7800289B1F433A432CD101220999204600F061
:105D8800C7FD0299099000F037FE002840F32783E9
:105D9800B9F1390F00F0F3820AF13109AB46089FD7
:105DA8003546013746460BF8019BB9E500F0B4FBD0
:105DB80055460646804685E7002FC0F20283289A9A
:105DC80017430B9A174300F0FC82002BA4DDCDF893
:105DD80024B0B9F1390F00F0D282AB46089F09F11F
:105DE80001033546013746460BF8013B98E5289BE9
:105DF800022B7FF74CADBAF1000F40F0908153466B
:105E080005220299204600F087FB01460290099876
:105E180000F0F2FD002840F382813123DDF81CB048
:105E2800204602990BF8013B00F06CFB089F0237F3
:105E3800002E7FF483AD75E41A460146204600F033
:105E480007FD289B0290012B40F37A8100230C93D5
:105E5800029A136902EB8303186900F0AFFBC0F1E3
:105E68002000EAE40299099800F0C6FD0028BFF670
:105E78000AAD00230A2220460999089D00F04CFB30
:105E88000B9B013D0990002B7FF4F3AE149B002B74
:105E980040F3CD82089FDDF850A0FEE4129ABAB90B
:105EA8000A9B002B72D10B9B002B40F080801D4673
:105EB8001E46B4E4B8880008000014401D9B0E9CE0
:105EC800002BDDE915AB03DB089A0E2A7FF7A4AE99
:105ED800289A012A7FF780AC0B9B0AF1FF37BB4257
:105EE800C0F2FD80BAF1000FA3EB070780F29C8295
:105EF800012120460A9D00F0C9FB0646A5EB0A08C9
:105F0800CDF82880BBF1000F7FF77AAC0A9A5A4582
:105F18001346A8BF5B46D21AED1A0A92ABEB030BE5
:105F28006EE400212046E16300F0C6FA07900028DD
:105F380000F04082079BA363002D40F0FD801D9B6D
:105F4800002BC0F2618201229246149229925DE6EA
:105F5800049B002B7FF470AC059BC3F31303002B49
:105F68007FF46AAC059B23F000431B0D1B05002B37
:105F78003FF462AC0123013518460BF1010B0C9379
:105F88005BE43FF46BACC0F13C0326E6BBF1000FC9
:105F980000F0B1810A9A0B9E5A451346A8BF5B468A
:105FA800D51AABEB030B0A95002E3FF438AC20460C
:105FB8000B9A099900F04CFC002609900B960A9D53
:105FC8002DE431463A46204600F042FC0646DDF80C
:105FD800248031464246204600F086FB41468046F2
:105FE800204600F08FFA0B9BCDF82480DB1B0B9327
:105FF8007FF40DAC01230B9311E403D119F0010FC9
:106008007FF47FACD3461AF8013D302BFAD087E4F1
:106018003123079A0137137082E44846FAF7A8FA41
:10602800DDE90E23FAF70EFB0022B54BFAF754F917
:106038000646A1F150770022DDE90E01B14BFAF7CF
:1060480049F932463B4680468946FAF78BFD0028D7
:1060580040F0A08140464946324607F10043FAF72E
:1060680063FD00283FF4CEAD0021204600F04AFA37
:10607800299BDDF81CB05F42FFF754BB00F04C8150
:10608800DDE90201089BA04A5D4205F00F0302EB1F
:10609800C303D3E90023FAF7D5FA2D114FF002090B
:1060A800CDE90E013FF4C7AC984EEB070CD5DDE9FE
:1060B8000E01F6E80223FAF7C5FA6D10CDE90E01D4
:1060C80009F10109F1D1B6E46D100836EDE7C8F120
:1060D80001030A93089B9B460C93FFF771BA0B9B2D
:1060E8000C9ADDF82880FB1A1A44012120460C92EC
:1060F80000F0CCFA43460646D34408EB0A050B9752
:10610800002B3FF484AB0A9A5A451346A8BF5B4656
:10611800D21AED1A0A92ABEB030BFFF778BB2046B5
:10612800029900F0EFF9299BDDF81CB05F42002EC0
:106138007FF404ACFFF7F6BAAA461495299543E410
:10614800049B002B7FF482AEDDE90412C2F3130333
:10615800002B00F04B810C917AE62046716800F024
:10616800ABF90546002800F08081336906F10C017F
:1061780002339A000C30FAF733F8012229462046F8
:1061880000F0C6FB804690E5029C02460B46FAF7F3
:10619800A3F8DDE90423089F824601378B463E4673
:1061A800FAF7E0FC48B9DDE9042350465946FAF706
:1061B800B1FC20B118F0010F01D0079AE9E4AB4611
:1061C800FFF7B0BADDE902234FF00209CDE90E234B
:1061D80017E4079B01330E93DDE90256DDE904233A
:1061E80028463146FAF758FBFAF7DCFC8046FAF7FE
:1061F800BFF9DDE90423FAF725FA02460B462846DB
:106208003146FAF767F8079A08F13003BAF1010F37
:106218000E9D13707FF451AAB7E7089F3546CDF855
:1062280024B046460137FFF760BBDDE91601FAF7EF
:1062380009FA079BCDE9100183F80080159B012B13
:1062480023D0079B159ADDF8388003EB020900225A
:106258002F4B30463946FAF7F5F90F460646FAF756
:10626800A1FC0546FAF784F902460B463046394642
:10627800FAF730F8303508F8015BC84506460F468E
:10628800E5D10E9B5D1E159B1D440022DDE910899A
:10629800204B40464946FAF71FF832463B46FAF784
:1062A80043FC002840F0968042464B46002019499E
:1062B800FAF710F832463B46FAF754FC80B91D9BB2
:1062C800002BFFF6EDAD089B0E2B3FF7E9AD1A9BAF
:1062D800089A03EBC207D7E90023CDE904237BE73B
:1062E80015F8013CAB46302B05F1FF35F8D01B9F64
:1062F8000137FFF717BA0B9E002E7FF458AE5EE603
:1063080000001C4000001440B8880008908800086D
:10631800000024400000E03FDDE902234FF00209BD
:10632800CDE90E23FFF787BBBAF1000F3FF475AE36
:10633800149D002D7FF766AC089B3046013B39461B
:1063480000221B934C4BFAF77DF902460F4616467E
:1063580009F10100CDE90E67FAF70AF932463B4622
:10636800FAF770F90022454BF9F7B6FF159506467E
:10637800A1F15077FFF782BB3123013610E4AA461A
:106388003923089F3546079A464601370AF8013BE4
:10639800FFF7BCBA3123DDF81CB0002120460BF80A
:1063A800013B00F0AFF8089F0237FFF7BBB9CDF803
:1063B80024B0F3E4002240F2AF11314B314800F031
:1063C800BFFE002BCDF824B03FF7D6ACE6E40E9C18
:1063D800AB468CE71B9E079A0136FFF7DABB7FF4C2
:1063E800DDAC19F0010F7FF4D3ACD7E4059B23F0A3
:1063F80000431B0D1B05002B3FF429AD012301357C
:106408000BF1010B0C9323E5129B2BBB01239A463E
:106418001493299344E5B9F1390FCDF824B0AED0DF
:10642800002F3FF7B9ACB9E45346FFF7DDB9289A16
:10643800022A03DC9A46089FFFF72FBA0895DDF871
:1064480050A0D8E4289A0895022AF8DC9A461EE457
:106458000021E163FFF7A9BA129B9A462993149386
:106468003AE5094B0793FFF735B8024640F2EF21AA
:10647800034B044800F064FE0000244000001C4068
:1064880054870008688700084487000882B049B12B
:106498005AB16BB113780B601278101E18BF012027
:1064A80002B0704701A9002AF3D1104602B0704724
:1064B8006FF00100F4E700BF38B5436C05460C46A1
:1064C8004BB153F8240080B1026843F8242000231C
:1064D800C0E9033338BD2122042100F051FE0346F0
:1064E80068640028EDD1002038BD0121284601FA52
:1064F80004F56A1D920000F043FE0028F3D0C0E9BD
:106508000145E4E731B1436C4A6853F8220008605A
:1065180043F82210704700BF2DE9F0414FF0000EFC
:106528000E461C460D69074601F1140001680EF17C
:10653800010E8BB202FB0343090C4FEA134C02FB1A
:1065480001CC9BB203EB0C43754540F8043B4FEA82
:106558001C44EBDC3CB1B368AB4207DD06EB8503BA
:1065680001355C6135613046BDE8F08171683846B7
:106578000131FFF7A1FF8046A8B1326906F10C018D
:10658800023292000C30F9F72BFE7B6C726853F8DC
:106598002210316043F82260464606EB8503013538
:1065A8005C613561DFE70246BA21024B024800F020
:1065B800C7FD00BF54870008C4870008B0F5803FB6
:1065C80003463ABF102083400020B3F1807F3CBFD0
:1065D8001B020830B3F1805F06D3B3F1804F0FD2AE
:1065E8009A0012D4033070471A01B2F1804F00F1BB
:1065F800040006D29B0108D45B00F3D42020704726
:106608001A46002AFBDB013070470230704700BF92
:1066180003680246590709D0D8071FD499074BBF0A
:106628005B089B08012002201360704799B279B972
:106638001B0CD9B2A1B11020190701D104301B09D4
:10664800990712D0D90701D401305B08136070474D
:10665800D9B241B1180714D10420F0E700207047DF
:1066680018201B0AE8E70820FBE713F0040F4FEA9D
:10667800930102D00B460230E8E7DB0804D1202062
:1066880070470320C340E1E70330DFE738B5436CC8
:1066980004460D464BB15868B0B102685A600022F2
:1066A80001234561C0E9032338BD2122042100F0FC
:1066B80067FD034660640028EDD1002240F24511D1
:1066C800074B084800F03CFD1C220121204600F041
:1066D80057FD0028F1D001220223C0E90123DEE79B
:1066E80054870008C48700082DE9F04FD1F81080BE
:1066F80015690E46A845924685B005DB2A465346DD
:1067080045468A4690461E46DAF80830DAF80410FC
:1067180005EB0804A342B8BF0131FFF7CDFE0028FE
:1067280000F08A8000F1140707EB840E774505D244
:106738003B46002243F8042B9E45FBD8143606EB53
:1067480088080AF11409464509EB850567D2A5EBC7
:106758000A03153B0AF1150A23F00303AA4594BF5F
:106768009B464FF0000BCDF808E08246AE460394F6
:1067780005E0090C2BD1B04507F104074CD956F8B0
:10678800041B8DB2002DF4D0CC463C460023019664
:106798005CF8040B216886B28AB205FB0622000C5D
:1067A800090C05FB00111A4401EB124192B242EAAE
:1067B8000142E64544F8042B4FEA1143E8D8019E0C
:1067C80007EB0B02536056F8041C090CD3D00022C7
:1067D8003B6848461D463C46944602889BB201FBEE
:1067E80002C202EB154243EA024344F8043B50F864
:1067F800043B25684FEA134CABB201FB0C338645CA
:1068080003EB12434FEA134CE7D807EB0B02B045F2
:10681800536007F10407B2D8DDE902E45046002CC2
:1068280002DC05E0013C03D05EF8043D002BF9D002
:10683800046105B0BDE8F08F02464FF4B171024B18
:10684800024800F07DFC00BF54870008C487000898
:1068580012F003032DE9F0411446074632D10E46E3
:10686800A4102CD03D6C002D35D004F001034FF05E
:10687800000864103BB92868B8B1054604F0010364
:106888006410002BF7D02A4631463846FFF72CFF14
:1068980036B17B6C716853F82120326043F821606F
:1068A80074B1064628680028E7D12A4629463846A2
:1068B800FFF71AFF28600546C0F80080DEE730467B
:1068C800BDE8F0810F4A013B52F823200023FFF76F
:1068D80023FE0646C4E701213846FFF7EDFD0546CD
:1068E80040B140F271230122C0E904230023386437
:1068F8000360BAE7024640F24511034B034800F033
:106908001FFC00BF8088000854870008C48700085F
:106918002DE9F0470C462769A36807EB62177D1C31
:106928009D429046064649684FEA621904DD5B00BD
:106938009D4201F10101FADC3046FFF7BDFD002858
:106948004ED0B9F1000F00F114010CDD0B464FF0E9
:10695800000C09F1050200EB820243F804CB9342D4
:10696800FBD101EB8901226904F1140318F01F0817
:1069780003EB820C2CD08E464FF0000AC8F1200998
:106988001A6802FA08F242EA0A024EF8042B53F88F
:10699800042B9C4522FA09FAF2D8ACEB0403153B08
:1069A80023F0030304F11502944538BF0023043390
:1069B80041F803A0BAF1000F00D13D46736C62683C
:1069C800056153F82210216043F82240BDE8F087A2
:1069D800043953F8042B9C4541F8042FF9D8ECE707
:1069E80002464FF4EF71024B024800F0A9FB00BFCA
:1069F80054870008C487000884460B690069C01AD8
:106A080015D10CF1140C14310CEB830210B401EB0A
:106A1800830301E0944508D252F8044D53F8041D4D
:106A28008C42F7D004D24FF0FF3010BC704770474B
:106A3800012010BC704700BF2DE9F04F13690D69A4
:106A48008946ED1A002D144683B012D101F11407BE
:106A5800143202EB830207EB830301E09F427BD2EF
:106A680053F8046D52F8041D8E42F7D07FD20125E9
:106A780003E0FCDB00250C4691466168FFF71CFD2E
:106A880000287FD000F1140188464FF0000C2769D8
:106A9800D9F8103004F1140BC56009F1140504F19C
:106AA800100205EB830A0BEB870ECDF804B055F8FE
:106AB800044B52F8046F1FFA84FBB3B2A3EB0B0329
:106AC800240C6344C4EB164404EB23449BB243EA0E
:106AD8000443AA4548F8043B4FEA244CE7D8AAEBFC
:106AE8000902153A22F0030209F11509CA4538BF0F
:106AF8000022DDF804B00BEB020504350A44AE456C
:106B08002C4602F104061DD9A1EB0B01E24604EB69
:106B1800010954F8042B93B263444FEA124808EB76
:106B2800234802EB0A039BB243EA0843A6454FEA0F
:106B3800284CC9F80030E9D80EF1FF32521B22F078
:106B48000302324423B952F8043D013F002BFAD026
:106B5800076103B0BDE8F08F0021FFF7ADFC50B12D
:106B680001220023C0E9042303B0BDE8F08F2346C7
:106B78004C46994681E7024640F23721054B0648C4
:106B880000F0DEFA024640F24521024B024800F0CE
:106B9800D7FA00BF54870008C4870008F0B5012160
:106BA80083B016461F46FFF787FC0546002845D0E8
:106BB800C7F30A54C7F313030CB143F48013002E30
:106BC800019314D101A8FFF723FD0121019B203077
:106BD8006B61296114B3089BA4F2334404441C601C
:106BE800099BC0F135001860284603B0F0BD68461F
:106BF8000096FFF70DFDDDE9002330B1C0F120015B
:106C080003FA01F1C3400A430193002B0CBF012191
:106C180002216A61AB612961002CDCD105EB81029C
:106C2800A0F232431069089A1360FFF7C7FC099B6A
:106C3800C0EB41101860284603B0F0BD024640F290
:106C48000F31024B024800F07BFA00BF548700085E
:106C5800C48700082DE9F84F1646002900F09880EF
:106C68000C46804606F10B05FBF780FC54F8041C23
:106C7800162DA4F1080921F0030758D81025AE42B3
:106C880058D8AF4262DAC04B09EB070C9A68DCF8B7
:106C98000400624500F0928020F0010363445B68C1
:106CA800DB076AD420F003003B189D4249DDCB077F
:106CB80012D454F8083CA9EB030BDBF8043023F09A
:106CC8000302104400EB070A554540F3F88007EB30
:106CD800020A554540F3CE8031464046FBF788F915
:106CE8000646002800F0238154F8043CA0F108026D
:106CF80023F001034B44934200F0B6803A1F242A44
:106D080000F2D980132A00F2A480034622461168B3
:106D180019605168596092689A6021464046FBF7AD
:106D280073F84046FBF728FC3046BDE8F88F35F08D
:106D38000705A4D50C23C8F8003000263046BDE866
:106D4800F88F1F46DCE90223D3609A60D9F8043033
:106D58007A1B0F2A03F0010309EB07001DD83B43F8
:106D6800C9F80430436843F0010343604046FBF729
:106D780003FC26463046BDE8F88FC907ACD454F862
:106D8800083CA9EB030BDBF8043023F003029EE771
:106D98001146BDE8F84FFBF72BB92B4309EB05016A
:106DA80042F00102C9F804304A604368083143F0F0
:106DB800010343604046FBF727F8D7E720F00300BC
:106DC800C21905F1100C624580F29280CA0783D47B
:106DD80054F8082CA9EB020BDBF8042022F003027C
:106DE800104400EB070AD4453FF771AF5E46DBF865
:106DF8000C1056F8080F3A1F242AC160886000F268
:106E0800B080132A40F2AB8021681B2ACBF8081007
:106E18006168CBF80C1000F2AA8008340BF110025C
:106E28002168116061685160A1689160AAEB050250
:106E38000BEB050142F0010299604A60DBF804306F
:106E4800404603F001032B43CBF80430FBF794FBD7
:106E580090E723681B2A0360636843603DD804F108
:106E6800080200F1080352E750F8043C23F003033A
:106E78001F446BE75E463A1FDBF80C3056F8081FD4
:106E8800242ACB60996023D8132A1FD923681B2A88
:106E9800CBF808306368CBF80C303CD808340BF1D9
:106EA800100322681A6062685A60A2689A603446C1
:106EB8005746D9464AE72146FEF772F82DE7DCE93E
:106EC80002135E46CB603A1F9960D5E73346E8E780
:106ED80021463046FEF764F8E9E7A368242A836070
:106EE800E368C36027D004F1100200F110030EE735
:106EF800521B09EB050142F0010299604A6054F8FF
:106F0800043C404603F001032B4344F8043CFBF7E0
:106F180033FB26462EE7A368242ACBF81030E36813
:106F2800CBF8143010D010340BF11803B9E74046F1
:106F3800FBF722FB01E7236904F118020361636987
:106F4800436100F11803E2E623691834CBF81830DE
:106F580054F8043CCBF81C300BF12003A1E732466F
:106F68005EE721463046FEF71BF8074B5EE7A1684F
:106F7800242ACBF81010E168CBF8141006D010348E
:106F88000BF118024CE700BF3802002022691834C0
:106F9800CBF8182054F8042CCBF81C200BF1200255
:106FA8003EE700BF034649B1FF2A02D801200A7014
:106FB80070478A224FF0FF301A60704708467047C2
:106FC80070B5054684B05BB11C460F4BD3F8C86159
:106FD800234669B12846B047431C0FD004B070BDA2
:106FE800094B00F58274D3F8C86123460029F1D112
:106FF8000A46284601A9B047431CEFD100228A233C
:1070080022602B6004B070BD4006002010B51C46FD
:1070180082B0049B009401934FF0FF3300F05EF9B7
:1070280002B010BD70B5B1F90C300C46990796B096
:1070380007D5012204F14303C4E90432236016B0E2
:1070480070BDB4F90E10054600292BDB6A4600F026
:1070580051F8002824DB4FF480612846019EFAF796
:10706800C7FFB4F90C30A0B34FF4806206F4704641
:1070780043F08003B6F5005FA38120602061626160
:1070880035D12846B4F90E1000F048F8B4F90C30A0
:1070980068B323F003034FF4006243F0010314E0E4
:1070A800B4F90C3013F0800F0CBF4FF48066402603
:1070B80028463146FAF79CFFB4F90C3048B1002253
:1070C800C4E9040643F0800320601343A38116B08B
:1070D80070BD9A05B3D4012123F0030304F14302E0
:1070E80043F00203C4E90421A3812260A7E74FF417
:1070F8000062EAE770B50026074D044608461146C7
:107108002E60F9F773FE431C00D070BD2B68002B6E
:10711800FBD0236070BD00BFF80A0020002238B5FC
:10712800064D044608462A60F9F765FE431C00D060
:1071380038BD2B68002BFBD0236038BDF80A00202F
:10714800144600B51A460A4B0D461B6885B0DE6822
:1071580003464CB10749019130460749029400950E
:1071680000F0CEF801F03EFA04490C46F3E700BF00
:107178002400002020880008308800082C88000897
:1071880038B5A1FB021454BBFAF732FF054650B3D9
:1071980050F8042C22F00302043A242A10D8132AA7
:1071A80013D91B2AC0E9004416D9242AC0E902448D
:1071B8000ABFC0E9044400F1100200F1180205E01A
:1071C8002146FAF7D7FC284638BD02460023284650
:1071D800C2E90033936038BD00F10802F6E7FAF718
:1071E8006BFD0C2303600025284638BD2DE9F04FC0
:1071F80089B01C46DDE912780346DDF85090B8F1F5
:10720800000F51D00029C34608BF4FF0FF370025B3
:1072180092468846CDE90031166805E056F8040B19
:10722800013C002832D06546AF4239D9002C37D00E
:10723800DBF8003000980293DBF8043032680393DF
:10724800D9F8C8C15B4604A9E047431C2FD000EB1E
:10725800050CBC4536D8019B002BDFD000280BDD80
:1072680008F1FF3204A902EB000E11F8013B02F805
:10727800013F7245F9D18044DAF8002056F8040B32
:107288000432CAF80020013C0028CCD10199D84624
:1072980009B1CAF8000000220CF1FF35C8F8002037
:1072A800284609B0BDE8F08F00F58678AAE70546BC
:1072B8008A2100222846009B1960CBF8002009B0DB
:1072C800BDE8F08FD8462846DDF808A0DDF80CB0F8
:1072D800C8E900AB09B0BDE8F08F00BF10B584B0B5
:1072E8000698054C0090079801900448006802949D
:1072F800FFF77CFF04B010BD4006002024000020EA
:107308000EB400B5074A82B003AB0146106853F8C3
:10731800042B019300F008F802B05DF804EB03B009
:10732800704700BF240000202DE9F04F05460E46A7
:10733800C3B012AF92460021082238461C46AB461D
:1073480002960993FAF716FC1DB16B6B002B00F03F
:107358001F87029A536EB2F90C20DE0740F1408174
:10736800950400F1DB85029942F4005223F400539E
:107378008A814B6612B2160740F1BE80029B1B69D8
:10738800002B00F0B98002F01A030A2B00F0C3802A
:10739800002319AA9146CDE91733CDE90B3316928C
:1073A8000D9305935546934BD3F8CC41FDF7C6FE94
:1073B8002A46034610A958460097A047002800F01F
:1073C800C980C0F2BF80109B252B01D00544EAE795
:1073D800B5EB0A06044640F0C18000224FF0FF33A7
:1073E800904604936B7805F1010A8DF83B200692CC
:1073F8000AF1010AA3F120025A2A00F2FD80DFE80F
:1074080012F09103FB00FB008C03FB00FB00FB0068
:107418006E03FB00FB006B003302FB002E02A1038E
:10742800FB009C035B005B005B005B005B005B0098
:107438005B005B005B00FB00FB00FB00FB00FB004C
:10744800FB00FB00FB00FB00EA010903FB00FB005B
:10745800FB00FB00FB00FB00FB00FB00FB00FB004C
:107468003902FB00FB00FB00BD01FB003403FB00FD
:10747800FB00DE05FB00FB00FB00FB00FB00FB0044
:10748800FB00FB00FB00FB00EA017B01FB00FB00AB
:10749800FB0027037B017600FB003204FB0023047A
:1074A8000C04BD037600FB00BD0173007102FB00F4
:1074B800FB000A06FB007300A3F130020023194603
:1074C8001AF8013B01EB810102EB4101A3F1300203
:1074D800092AF5D906918DE7099B53F8042B002A50
:1074E80006920993C0F2B8819AF8003080E79AF8BA
:1074F800003048F020087BE7029D58462946FDF7F2
:10750800D1FC002840F0F387B5F90C2002F01A03EB
:107518000A2B7FF43DAF0299B1F90E30002BFFF62C
:1075280037AF4B6ED80702D4920540F187872346C0
:1075380052465846029901F013F80590059843B051
:10754800BDE8F08F082200213846FAF713FB012026
:10755800054428E7B5EB0A06044611D0189BC9E98B
:1075680000A633441893179B0133072B179311DC9C
:1075780009F10809059B33440593002C7FF42DAFCE
:10758800189B002B40F066870022029B1792B3F9E4
:107598000C3019E05846029916AAFDF7E9F980B9A6
:1075A8000DF16409E6E75846029916AAFDF7E0F9D5
:1075B800002800F08C80079B1BB158460799FAF702
:1075C80023FC029BB3F90C30029A526ED00740F1AB
:1075D80089805B0600F13C81059843B0BDE8F08FD7
:1075E800910540F11E8196047FF5BDAE9D047FF59F
:1075F800C2AE25E140060020002BC1D001228DF843
:10760800A4300023CDE90323089229AD8DF83B303F
:10761800079318F08406DDE917C0014662462BD1AE
:10762800069B039C1C1B002C00F320849DF83B3018
:107638002BB300260A96012301320131C9F8043020
:10764800072A0DF13B03CDE91721C9F8003000F3F3
:10765800A68309F108090A9B73B10223013202319A
:10766800C9F80430072A0FABCDE91721C9F8003053
:1076780000F3888309F10809802E00F00283049B37
:1076880008981C1A002C00F33E83089B0132194409
:10769800072ACDE91721C9F80050C9F8043000F3CA
:1076A800658309F1080918F0040F05D0069B039AB1
:1076B8009C1A002C00F38083DDE90532039882428E
:1076C800ACBF9B181B18059300297FF46CAF0023EF
:1076D8001793079B1BB158460799FAF795FB0DF1CD
:1076E80064095FE69A053FF574AF029CA06DFAF74E
:1076F800EFFAB4F90C306CE718F0200F00F044846E
:10770800099B073323F007031A465B6852F8084BB6
:107718001E460992002BC0F28E81049A002A05DBCE
:1077280054EA060328F0800800F095840A2C76F1C4
:10773800000380F0F78004F13003DBB2049A8DF87F
:107748000731012AB8BF01229DF83B300392002B74
:1077580000F0DD83039B0024013303930123CDE96B
:1077680007430DF2071518F08406DDE917210846CE
:1077780094463FF455AF00230A935CE70022099E24
:107788008DF83B2056F8042B0792002A00F02A8532
:10779800532B00F0668418F0100440F06284049AB9
:1077A800002AC0F22E8621460798FDF705FD9DF8B0
:1077B8003B20079D002800F07C86431B089323EAA2
:1077C800E3730393002A00F06B860133049409964F
:1077D80003930794C7E7099A432B02F1040403D0E3
:1077E80018F0100F00F02D840822002114A8FAF7D1
:1077F800C1F9099A29AD14AB294658461268FFF712
:10780800DFFB03460133089000F03B86089B23EA20
:10781800E3730393002309948DF83B300793049393
:10782800F7E6029DA86DFAF751FAB5F90C206B6ED0
:1078380090047FF598AD99047FF59DADDB0707D4DB
:10784800029B9B899F0503D4029B986DFAF740FA27
:107858004FF0FF330593BFE6069B5B4206939AF809
:10786800003048F00408C3E52B238DF83B309AF824
:107878000030BDE518F0200F48F0100000F09683A6
:10788800099B073323F007031A46596852F8083B47
:10789800099200228DF83B20049A002AC0F2348312
:1078A80053EA010220F4906800F03C8342AD03F0F3
:1078B8000702DB0843EA4173C908303253EA01047E
:1078C800284605F8012DF2D118F0010340F0AC82EA
:1078D800049A079342AB5B1B9A42B8BF1A460893B7
:1078E800039296E618F0200F40F0DA80099A18F013
:1078F800100652F8043B40F0088618F0400100F0EA
:1079080088849CB2049B8DF83B60002B04DB28F034
:107918008008002C00F0BF800A2C76F10003099241
:10792800FFF409AFCDE9078A0020DDF82CA042A9B1
:1079380008F48065CDF80C9025E0A319C04A43F1FE
:107948000003A2FB032C2CF0030202EB9C024FF075
:10795800CC3CA146B6469B1AE31A0CFB03F2B84C82
:1079680066F1000604FB0622A3FB0443B9F10A0FE3
:1079780013444FEA54047EF1000E414644EAC374AE
:107988004FEA53062CD3DFF8B8E2A31943F10003FA
:10799800AEFB032C2CF0030202EB9C029B1AE31AA9
:1079A800A3FB0E3266F1000C0EFB0C225B0843EAC7
:1079B800C27303EB8303A4EB43033033013001F1BB
:1079C800FF3801F8013C002DB7D09AF80030834207
:1079D800B3D1FF28B1D00A2C76F1000380F061847E
:1079E8004546049942AA521B9142B8BF11469DF8D8
:1079F8003B30DDF80C90CDF82CA00391DDE9078A27
:107A08000892002B00F0E683039B013303930023C5
:107A18000793A8E618F0200F48F0100340F09B8267
:107A2800099A0432099998460C680992E617334670
:107A3800002BBFF672AE2D238DF83B30049B6442B9
:107A480066EB4606002BFFF671AE28F080086DE65F
:107A58009AF80030682B03BF9AF8013048F4007890
:107A68000AF1010A48F04008C2E418F0200F48F073
:107A7800100116D1099B1A1D0026099B04981B6842
:107A8800B0421C468DF83B60C0F2C78221F08008E6
:107A9800002B7FF441AF049B0992DBB100244AE636
:107AA8004146099B073323F007031A465E68002303
:107AB8008DF83B30049B52F8084B002B0992C0F21A
:107AC800AD8254EA060321F080087FF42FAE049BB0
:107AD800002BE3D108930393079342AD99E55846E9
:107AE800FDF732FB436818460D93FAF7F3F80C904C
:107AF80004465846FDF728FB81689AF800300B9138
:107B0800002C3FF475AC00293FF472AC0A78002AC7
:107B18003FF46EAC48F480686AE49AF8003048F0A4
:107B2800010865E49DF83B209AF80030002A7FF4AC
:107B38005FAC20228DF83B205AE49AF8003048F0D8
:107B4800800855E4504610F8013B2A2B00F0C38406
:107B5800A3F13002092A98BF002100F2748410F8BA
:107B6800013B01EB810102EB4101A3F13002092A3B
:107B7800F5D941EAE172824604923BE447F63003C4
:107B88000022099C049DADF83C3054F8043B954212
:107B9800114618468DF83B20C0F2438228F0800237
:107BA80042F002080994002B00F027830224254A9A
:107BB80003F00F03D35C03948DF80731030943EAFC
:107BC8000173080953EA111100F0BA840DF2071580
:107BD80003F00F01515C1B0943EA0073000905F823
:107BE800011D53EA0001F3D1049A42AB5B1B9A4290
:107BF800B8BF1A4608931346039A002A00F08F84E8
:107C0800DDE91721023318F08406084694460393E9
:107C180000F05082002307931FE518F0200F40F072
:107C2800CC81099A18F0100152F8043B40F0838483
:107C380018F0400000F00783404609929BB228E6FE
:107C4800CDCCCCCCC886000818F0200F00F0868177
:107C5800099B059A1B681A60D2175A60099B04335E
:107C68000993FFF79FBB9AF800306C2B03BF9AF873
:107C7800013048F020080AF1010A48F01008FFF71F
:107C8800B7BB069B03981C1A002C7FF7F8AC102C86
:107C980040F3F583BA4B48461026C146A8461D4610
:107CA80004E0103C102C00F1080015DD0132103101
:107CB800072AC0E90056CDE91721F2DD5846029996
:107CC80016AAFCF755FE00287FF475ACDDE91721EC
:107CD800103C102C19A8E9DC2B464546C8468146BD
:107CE80001322144072ACDE91721C9F80030C9F823
:107CF800044000F35E82049B089809F108091C1AE5
:107D0800002C7FF7C2AC102C9D4B21DD4846102675
:107D1800994604E0103C102C00F1080016DD0132F1
:107D2800974B1031072AC0E90036CDE91721F1DD5C
:107D38005846029916AAFCF71BFE00287FF43BACB4
:107D4800DDE91721103C102C19A8E8DC4B468146C8
:107D580001322144072ACDE91721C9F80030C9F8B2
:107D6800044000F3C38009F108098EE458460299DB
:107D780016AAFCF7FDFD00287FF41DAC18990DF13B
:107D8800640990E45846029916AAFCF7F1FD002808
:107D98007FF411ACDDE917210DF164096CE4584654
:107DA800029916AAFCF7E4FD00287FF404ACDDE98B
:107DB80017210DF164094EE4102C179B40F35483EE
:107DC8001025704EDDF8088004E0103C102C09F1F5
:107DD800080916DD01331031072BC9E90065CDE923
:107DE8001731F2DD4146584616AAFCF7C1FD0028B6
:107DF8007FF4E1ABDDE91731103C102C0DF164097B
:107E0800E8DC01332144072BC9E90064CDE91731C7
:107E18007FF752AC5846029916AAFCF7A9FD00282C
:107E28007FF4C9AB189947E4302A00F0B6813023B3
:107E3800049A023805F8013C42AB1B1A9A42B8BFB3
:107E48001A4605460893039218F08406DDE91721BF
:107E58000846944600F078839DF83B30002B00F0EC
:107E68007683002307930A93FFF7E5BB00230A9361
:107E7800102C624640F3EC8249461023C146414E1D
:107E8800A846029D04E0103C102C01F1080117DD02
:107E980001321030072AC1E90063CDE91720F2DD6D
:107EA8002946584616AAFCF763FD00287FF483ABE1
:107EB800DDE91720103C102C4FF0100319A9E7DC5E
:107EC8004546C846894601322118072ACDE91721B7
:107ED800C9F80060C9F8044000F32E819DF83B60A2
:107EE80009F108098EB30026FFF7A5BB5846029989
:107EF80016AAFCF73DFD00287FF45DABDDE91721EC
:107F08000DF16409FFF7C1BB20F48068CEE4079344
:107F180001230DF207150893FFF77BBB98047FF543
:107F28002AAA95E4049A002A7FF4C0AC10F0010252
:107F3800039200F0FB8030238DF80731049B0892F0
:107F480007930DF20715FFF764BB0A9B002B7FF41C
:107F580084ABFFF794BB9846FFF7D2BB18F0100F1D
:107F680040F03B8118F0400F40F0468218F4007F43
:107F780000F03381099B059A1B681A706EE600BFF2
:107F8800848A0008948A0008099A18F0100F52F899
:107F9800044B40F0D28218F0400F099200F05D8146
:107FA80044F3C036334624B2FFF7B4BB099B1A1D0D
:107FB800099B00211B6809926BE4404660E4B14AC2
:107FC80018F0200100F098800999073121F0070185
:107FD8000846044654F8080B4968099418F0010546
:107FE800039571D050EA010440F0BD8000238DF85C
:107FF8003B30049B002BC0F24B8128F4906800F0C2
:10800800E68113780DF207158DF80731039B089365
:10801800049B039318E79C4AD2E709928846FFF726
:1080280085BB1046984A03F00F01515C1B0948F0C4
:1080380002088DF80711099400F073820221039158
:10804800C4E5099B29AD1B688DF8A430012303936F
:108058000893FFF7DFBB002A00F0AE813023FFF75B
:108068006DBB079B0822002114A81193F9F782FD24
:10807800049B002BC0F25E810024CDF80C902546AD
:1080880099460FE014AB584629A9FEF799FF431CFF
:1080980004F10404284400F0F481484506DC00F0AB
:1080A80005820546119B1A59002AEBD1DDF80C9080
:1080B80004954EE1069C039B0796E41A002C7FF773
:1080C800CCAA02230A93D3E6039B8DF83B30049B8A
:1080D800002B22DB50EA010328F4906854D104995C
:1080E800002900F0CB80137803918DF80731012324
:1080F8000DF207150893A7E6099C54F8040B099498
:1081080018F010047FF46AAF18F0400100F0B08056
:10811800214680B262E748F0020808F0020400F045
:108128000F03D35C039428F4806845E5049B42ADB3
:10813800CDE90733FFF76DBA5846029916AAFCF73E
:1081480017FC064600287FF436AADDE917219DF8BA
:108158003B30002B73D10A9B0DF16409002B7FF48F
:108168007CAAFFF78CBA8DF83D3030238DF83C306F
:1081780000238DF83B30049B002BCCDB28F4906364
:1081880043F002080223039300F00F03D35C13E5C6
:108198002846F9F7E1FBFFF7DCB8049A42AB5B1B12
:1081A8009A42B8BF1A460893002303920793FFF731
:1081B80030BA5846029916AAFCF7DAFB00287FF471
:1081C800FAA9DDE917210DF16409FFF758BA079DEF
:1081D800049309960793FFF71CBA099B059A1B6835
:1081E8001A603BE5049B294D062B28BF06230996F8
:1081F800039304920893FFF70CBA002D00F0EA806D
:10820800302301228DF8073108922B460DF207150D
:10821800F6E418F4007640F0E18004991C46002941
:108228008DF83B60FFF678AB28F08008002B7FF4D0
:1082380073AB0B46099200297FF430AC4AE40DF188
:108248006409FFF7F8B918F4007100F0D18001460D
:1082580009924046DBB2FFF71CBB18F4007F14BF3D
:1082680044F3C016E617334618BF64B2FFF752BA94
:1082780018F400740CBF2146C0B2AFE6049B42ADAF
:108288000893E1E5DC860008C8860008F086000847
:10829800137808958DF8073128F480680DF20715D2
:1082A800D2E50C9A0D99A8EB02094846FCF710FF95
:1082B8009AF801300BB10AF1010A4FF0CC310120D4
:1082C800A44AA31943F10003A2FB03CE2EF0030C2A
:1082D8000CEB9E0CA3EB0C03E31A03FB01F166F114
:1082E8000006A3FB023402FB0611C340214443EA03
:1082F800C17421FA00F6A31943F10003A2FB031C81
:108308002CF0030101EB9C015B1AE31AA3FB023179
:1083180066F1000C02FB0C12C34043EAC27303EB84
:108328008303A4EB4303303309F1FF3809F8013C18
:10833800FFF74BBB14AB009300235846194611AA0C
:10834800FEF764FE03460133049000F09A80079B11
:108358001193049B2BB3632B68DC002329AD07938F
:108368000822002114A8F9F705FC049C14AB00931B
:1083780029462346584611AAFEF748FE844240F093
:10838800C7800023049A22EAE271AB540391114694
:108398009DF83B20002A69D1CDE908160492FFF721
:1083A80038B99DF83B30079D003B18BF0123039364
:1083B800049B0996089347E59DF83B303BB1049B25
:1083C80042ADCDE9073301230393FFF7CCB9049BF2
:1083D800FFF780BB049B42AD089311E4DCB2049B19
:1083E8000E46002B8DF83B10BFF691AAFFF794BA02
:1083F80040460992FFF74DBA099B059A1B681A80F7
:108408002CE4079D2846F9F765FC9DF83B3020EAE7
:10841800E07208900392002B3FF4D9AE1346013363
:108428000494099603930794FFF79DB95846591C7D
:10843800F9F7DEFD054620B3079091E7886DF9F757
:1084480047FCFFF774B8002282460492FEF7D2BFB9
:10845800414E38E55846029916AAFCF789FA0028D1
:108468003FF492A8FFF7ADB83B4ECAE4049A0493D0
:10847800039BCDE9082601330393FFF774B9374B03
:108488002EE40298B0F90C30426E43F04001D50753
:1084980081813FF5DDA999053FF5DAA9FFF725B9EF
:1084A800079D049209960792FFF7B3B8DDF80C9080
:1084B8004FE742B1049A099608920132CDE90320A8
:1084C8000790FFF750B9049B0792CDE9033209964C
:1084D8000893FFF79EB8099A9AF8013052F8041BDE
:1084E8008246099241EAE1720492FEF781BF029A3C
:1084F800536EDD073FF5ACA993899C053FF5A8A904
:10850800906DF9F7E5FBFFF7A3B94146FFF7B4BA59
:10851800029A938943F040039381FFF74CB8039381
:1085280092E40122049B0892012BB8BF01230DF2AB
:108538000715FFF765BB40463AE54346FFF772BAB1
:108548000DF20715FFF750BB0796FFF769B80793B9
:10855800FFF792B8CDCCCCCC948A0008848A000866
:108568002DE9F0414FF480650027ADF58D6D1AAE09
:10857800CDE90557984607460096049616468B8916
:1085880016A823F00203ADF80C304B6E0295199330
:10859800CB890D46ADF80E30CB696C4607934B6A14
:1085A8000993F9F78FFB3246434669463846FEF78A
:1085B800BBFE061E07DB69463846FCF7DBFA0028D7
:1085C80018BF4FF0FF36A3895B0603D5AB8943F08C
:1085D8004003AB81A06DF9F777FB30460DF58D6D43
:1085E800BDE8F081062008B500F004F80120F8F78E
:1085F80004FC00BF38B5144B1F281D681ED8D5F8D9
:10860800F821044662B152F820304BB1012B05D055
:10861800591C0FD0002142F820109847002038BD7F
:10862800284600F027F8224601462846BDE838408B
:1086380000F00CB8162301202B6038BD16234FF02C
:10864800FF302B6038BD00BF2400002070B5002625
:10865800074D0446084611462E60F8F7CFFB431C29
:1086680000D070BD2B68002BFBD0236070BD00BF0D
:10867800F80A0020F8F7CABBF8B500BFF8BC08BC78
:108688009E467047F8B500BFF8BC08BC9E467047C8
:1086980048656C6C6F20576F726C640048656C6C31
:1086A8006F20576F726C64203A2025640A0000001E
:1086B800494E4600696E66004E414E006E616E007E
:1086C8003031323334353637383961626364656640
:1086D8000000000030313233343536373839414202
:1086E8004344454600000000286E756C6C29000064
:1086F800300000002E0000004C435F434F4C4C41BB
:10870800544500004C435F43545950450000000055
:108718004C435F4D4F4E4554415259004C435F4EB8
:10872800554D4552494300004C435F54494D45005F
:108738004C435F4D4553534147455300496E666965
:108748006E697479000000004E614E0042616C6CE5
:108758006F6320737563636565646564000000007A
:108768002F646174612F6A656E6B696E732F776F02
:10877800726B73706163652F474E552D746F6F6C04
:10878800636861696E2F61726D2D31342D352F73D9
:1087980072632F6E65776C69622D63796777696E8E
:1087A8002F6E65776C69622F6C6962632F737464CE
:1087B8006C69622F64746F612E6300002F646174AA
:1087C800612F6A656E6B696E732F776F726B73704A
:1087D8006163652F474E552D746F6F6C63686169CF
:1087E8006E2F61726D2D31342D352F7372632F6E9C
:1087F80065776C69622D63796777696E2F6E657727
:108808006C69622F6C6962632F7374646C69622F80
:108818006D707265632E63002C2066756E637469D3
:108828006F6E3A2000000000617373657274696F9F
:108838006E2022257322206661696C65643A206681
:10884800696C6520222573222C206C696E652025B1
:1088580064257325730A00003030303030303030F2
:108868003030303030303030202020202020202080
:1088780020202020202020200500000019000000D2
:108888007D000000000000000080E03779C341430C
:10889800176E05B5B5B89346F5F93FE9034F384D5E
:1088A800321D30F94877825A3CBF737FDD4F15750A
:1088B800000000000000F03F00000000000024401D
:1088C80000000000000059400000000000408F40F8
:1088D800000000000088C34000000000006AF84063
:1088E8000000000080842E4100000000D012634187
:1088F8000000000084D797410000000065CDCD41FD
:10890800000000205FA00242000000E876483742DD
:10891800000000A2941A6D42000040E59C30A2427B
:108928000000901EC4BCD64200003426F56B0C43F0
:108938000080E03779C3414300A0D8855734764397
:1089480000C84E676DC1AB43003D9160E458E143F8
:10895800408CB5781DAF154450EFE2D6E41A4B446D
:1089680092D54D06CFF08044F64AE1C7022DB544B2
:10897800B49DD9794378EA44002020202020202083
:1089880020202828282828202020202020202020B7
:1089980020202020202020202088101010101010C7
:1089A8001010101010101010100404040404040413
:1089B80004040410101010101010414141414141AD
:1089C800010101010101010101010101010101018F
:1089D800010101011010101010104242424242429F
:1089E800020202020202020202020202020202025F
:1089F8000202020210101010200000000000000007
:108A0800000000000000000000000000000000005E
:108A1800000000000000000000000000000000004E
:108A2800000000000000000000000000000000003E
:108A3800000000000000000000000000000000002E
:108A4800000000000000000000000000000000001E
:108A5800000000000000000000000000000000000E
:108A680000000000000000000000000000000000FE
:108A7800000000000000000000000000303030302E
:108A8800303030303030303030303030202020201E
:0C8A980020202020202020202020202052
:088AA4004477FF7F0100000090
:088AAC00391D0008650C0008EB
:048AB4003D0C00086D
:108AB80000A24A04020406080000000001020304A0
:108AC8000102030406070809000000000300000073
:108AD800BC0900202800002000000000BC0900207C
:108AE800240A00208C0A002000000000000000007A
:108AF800000000000000000000000000000000006E
:108B0800000000000000000000000000000000005D
:108B1800000000000000000000000000000000004D
:108B2800000000000000000000000000000000003D
:108B3800000000000000000000000000000000002D
:108B4800000000000000000000000000000000001D
:108B5800000000000000000000000000000000000D
:108B680000000000000000000000000000000000FD
:108B780001000000000000000E33CDAB34126DE69A
:108B8800ECDE05000B000000000000000000000003
:108B980000000000000000000000000000000000CD
:108BA80000000000000000000000000000000000BD
:108BB80000000000000000000000000000000000AD
:108BC800000000000000000000000000000000009D
:108BD800000000000000000000000000000000008D
:108BE800000000000000000000000000000000007D
:108BF800000000000000000000000000000000006D
:108C0800000000000000000000000000000000005C
:108C1800000000000000000000000000000000004C
:108C2800000000000000000000000000000000003C
:108C3800000000000000000000000000000000002C
:108C4800000000000000000000000000000000001C
:108C5800000000000000000000000000000000000C
:108C680000000000000000000000000000000000FC
:108C780000000000000000000000000000000000EC
:108C880000000000000000000000000000000000DC
:108C980000000000000000000000000000000000CC
:108CA80000000000000000000000000000000000BC
:108CB80000000000000000000000000000000000AC
:108CC800000000000000000000000000000000009C
:108CD8000000000000000000000B0020FFFFFFFF65
:108CE800000002000000000000000000000000007A
:108CF80038020020380200204002002040020020F4
:108D080048020020480200205002002050020020A3
:108D18005802002058020020600200206002002053
:108D28006802002068020020700200207002002003
:108D380078020020780200208002002080020020B3
:108D48008802002088020020900200209002002063
:108D58009802002098020020A0020020A002002013
:108D6800A8020020A8020020B0020020B0020020C3
:108D7800B8020020B8020020C0020020C002002073
:108D8800C8020020C8020020D0020020D002002023
:108D9800D8020020D8020020E0020020E0020020D3
:108DA800E8020020E8020020F0020020F002002083
:108DB800F8020020F8020020000300200003002031
:108DC80008030020080300201003002010030020DF
:108DD800180300201803002020030020200300208F
:108DE800280300202803002030030020300300203F
:108DF80038030020380300204003002040030020EF
:108E0800480300204803002050030020500300209E
:108E1800580300205803002060030020600300204E
:108E280068030020680300207003002070030020FE
:108E380078030020780300208003002080030020AE
:108E4800880300208803002090030020900300205E
:108E58009803002098030020A0030020A00300200E
:108E6800A8030020A8030020B0030020B0030020BE
:108E7800B8030020B8030020C0030020C00300206E
:108E8800C8030020C8030020D0030020D00300201E
:108E9800D8030020D8030020E0030020E0030020CE
:108EA800E8030020E8030020F0030020F00300207E
:108EB800F8030020F803002000040020000400202C
:108EC80008040020080400201004002010040020DA
:108ED800180400201804002020040020200400208A
:108EE800280400202804002030040020300400203A
:108EF80038040020380400204004002040040020EA
:108F08004804002048040020500400205004002099
:108F18005804002058040020600400206004002049
:108F280068040020680400207004002070040020F9
:108F380078040020780400208004002080040020A9
:108F48008804002088040020900400209004002059
:108F58009804002098040020A0040020A004002009
:108F6800A8040020A8040020B0040020B0040020B9
:108F7800B8040020B8040020C0040020C004002069
:108F8800C8040020C8040020D0040020D004002019
:108F9800D8040020D8040020E0040020E0040020C9
:108FA800E8040020E8040020F0040020F004002079
:108FB800F8040020F8040020000500200005002027
:108FC80008050020080500201005002010050020D5
:108FD8001805002018050020200500202005002085
:108FE8002805002028050020300500203005002035
:108FF80038050020380500204005002040050020E5
:109008004805002048050020500500205005002094
:109018005805002058050020600500206005002044
:1090280068050020680500207005002070050020F4
:1090380078050020780500208005002080050020A4
:109048008805002088050020900500209005002054
:109058009805002098050020A0050020A005002004
:10906800A8050020A8050020B0050020B0050020B4
:10907800B8050020B8050020C0050020C005002064
:10908800C8050020C8050020D0050020D005002014
:10909800D8050020D8050020E0050020E0050020C4
:1090A800E8050020E8050020F0050020F005002074
:1090B800F8050020F8050020000600200006002022
:1090C80008060020080600201006002010060020D0
:1090D8001806002018060020200600202006002080
:1090E8002806002028060020300600203006002030
:1090F8004300000000000000000000000000000025
:109108000000000000000000000000000000000057
:109118004300000000000000000000000000000004
:109128000000000000000000000000000000000037
:1091380043000000000000000000000000000000E4
:109148000000000000000000000000000000000017
:1091580043000000000000000000000000000000C4
:1091680000000000000000000000000000000000F7
:1091780043000000000000000000000000000000A4
:1091880000000000000000000000000000000000D7
:109198004300000000000000000000000000000084
:1091A80000000000000000000000000000000000B7
:1091B8004300000000000000000000000000000064
:1091C8000000000000000000000000000000000097
:1091D8004300000000000000000000000000000044
:1091E8000000000000000000000000000000000077
:1091F8000000000000000000000000000000000067
:109208000000000000000000000000000000000056
:109218000000000000000000000000000000000046
:109228000000000000000000000000000000000036
:109238000000000000000000000000000000000026
:109248000000000000000000000000000000000016
:109258000000000000000000000000000000000006
:1092680000000000000000000000000000000000F6
:1092780000000000000000000000000000000000E6
:1092880000000000000000000000000000000000D6
:1092980000000000000000000000000000000000C6
:1092A80000000000000000000000000000000000B6
:1092B8000000000000000000AD6F00089564000881
:1092C8000000000080890008FC8600082C8800083F
:1092D8002C8800082C8800082C8800082C88000896
:1092E8002C8800082C8800082C8800082C88000886
:1092F800FFFFFFFFFFFFFFFFFFFFFFFFFFFF000074
:1093080001004153434949000000000000000000EB
:109318000000000000000000000000000000000045
:1093280000004153434949000000000000000000CC
:109338000000000000000000000000000000000025
:049348000000000021
:04000005080017D107
:00000001FF
